INSERT INTO Credenziali VALUES ('umberto.testa', '&Ts5Y*VJmL2o');
INSERT INTO Credenziali VALUES ('doriana.bianchi', '3TVnpjQ&BGlo');
INSERT INTO Credenziali VALUES ('marina.ferrara', 'mBn#s6X%RSiq');
INSERT INTO Credenziali VALUES ('sesto.caputo', 'x&K@jzRLf*pz');
INSERT INTO Credenziali VALUES ('nicoletta.monti', '%OZIC!AZANsg');
INSERT INTO Credenziali VALUES ('osea.martini', 'SkRY#FHsH6tO');
INSERT INTO Credenziali VALUES ('gelsomina.sala', 'EliSY!zGicA^');
INSERT INTO Credenziali VALUES ('alberto.gentile', 'ZhI5c6eRY^c6');
INSERT INTO Credenziali VALUES ('eufemia.marchetti', 'AgU6v7rTU?b2');
INSERT INTO Credenziali VALUES ('mario.rossi', 'Bk!U^n5%*uxu');
INSERT INTO Credenziali VALUES ('giuseppe.verde', '9Wh9Pe#1GsXh');
INSERT INTO Credenziali VALUES ('maria.mazzini', 'W$lXkQrA*VNt');
INSERT INTO Credenziali VALUES ('marta.porzio', 'lJ*yquH$fLBk');
INSERT INTO Credenziali VALUES ('santo.lombardo', 'Y5tyQe9oF9uv');
INSERT INTO Credenziali VALUES ('cleopatra.amato', '3Y5CCUBbIeMi');
INSERT INTO Credenziali VALUES ('germano.damico', 'VQoPlxvcinZ5');
INSERT INTO Credenziali VALUES ('umberto.russo', 'iCrPj70kINdb');
INSERT INTO Credenziali VALUES ('siro.santoro', 'JaAnqYrmf9L3');


INSERT INTO Dipendente VALUES ('KQWMYW14M46T912E', 'Giacinto', 'Montanari', DATE '1974-01-06', 'Via Napoli', '23900', 'Lecco', NULL, 'Scaffalista');
INSERT INTO Dipendente VALUES ('TYITHI81H72P241J', 'Alighieri', 'Gallo', DATE '1995-12-10', 'Via Cirino', '80126', 'Napoli', NULL, 'Scaffalista');
INSERT INTO Dipendente VALUES ('JQYGGW73B53M696N', 'Santo', 'Lombardo', DATE '2000-01-03', 'Via Karim', '94100', 'Enna', 'santo.lombardo', 'Cassiere');
INSERT INTO Dipendente VALUES ('UWWKVF45W14S828U', 'Cleopatra', 'Amato', DATE '1990-11-23', 'Via Carmelo', '53100', 'Siena', 'cleopatra.amato', 'Cassiere');
INSERT INTO Dipendente VALUES ('HCOWJZ02T47V573F', 'Germano', 'Damico', DATE '1992-10-04', 'Via Silvestri', '80126', 'Napoli', 'germano.damico', 'Cassiere');
INSERT INTO Dipendente VALUES ('ZMHTFC56S72T119B', 'Umberto', 'Russo', DATE '2000-12-20', 'Via Eustacchio', '07026', 'Olbia', 'umberto.russo', 'Cassiere');
INSERT INTO Dipendente VALUES ('PKVEXQ30A01Z162C', 'Siro', 'Santoro', DATE '1982-10-11', 'Via Martino', '35127', 'Padova', 'siro.santoro', 'Cassiere');
INSERT INTO Dipendente VALUES ('PUVLVZ97F09R237B', 'Marina', 'Ferrara', DATE '1976-02-11', 'Via Martini', '12100', 'Cuneo', 'marina.ferrara', 'Cassiere');
INSERT INTO Dipendente VALUES ('YFBLRF48O55Z048M', 'Sesto', 'Caputo', DATE '1986-02-11', 'Via Miriana', '06127', 'Perugia', 'sesto.caputo', 'Cassiere');
INSERT INTO Dipendente VALUES ('DUESAF55F52N289W', 'Umberto', 'Testa', DATE '1980-06-15', 'Via Emidio', '00189', 'Roma', 'umberto.testa', 'Cassiere');
INSERT INTO Dipendente VALUES ('KZLGDK32P62O335T', 'Doriana', 'Bianchi', DATE '1988-09-16', 'Piazza Eriberto', '22100', 'Como', 'doriana.bianchi', 'Cassiere');
INSERT INTO Dipendente VALUES ('GZTZTI69R80D542D', 'Nicoletta', 'Monti', DATE '1996-09-08', 'Via Roma', '38122', 'Trento', 'nicoletta.monti', 'Cassiere');
INSERT INTO Dipendente VALUES ('SCLOHS15F88Z768W', 'Gelsomina', 'Sala', DATE '1995-02-20', 'Via Parisi', '57122', 'Livorno', 'gelsomina.sala', 'Cassiere');
INSERT INTO Dipendente VALUES ('DPZOCJ48G58T201C', 'Alberto', 'Gentile', DATE '1970-01-18', 'Piazza Gilda', '31100', 'Treviso', 'alberto.gentile', 'Cassiere');
INSERT INTO Dipendente VALUES ('HBGVQP27H84A198C', 'Eufemia', 'Marchetti', DATE '2003-02-20', 'Via Verde', '57122', 'Livorno', 'eufemia.marchetti', 'Cassiere');
INSERT INTO Dipendente VALUES ('CJCTBV03C75B257C', 'Mario', 'Rossi', DATE '2001-07-21', 'Via Niccolò', '35127', 'Padova', 'mario.rossi', 'Cassiere');
INSERT INTO Dipendente VALUES ('RKNIVQ17Q56K462W', 'Giuseppe', 'Verde', DATE '2002-04-25', 'Via Rizzo', '53100', 'Siena', 'giuseppe.verde', 'Cassiere');
INSERT INTO Dipendente VALUES ('JHMDHM13R67X714P', 'Maria', 'Mazzini', DATE '2000-09-15', 'Via Liberti', '38122', 'Trento', 'maria.mazzini', 'Magazziniere');
INSERT INTO Dipendente VALUES ('DOSLHP83T20C898N', 'Marta', 'Porzio', DATE '1999-01-05', 'Via Tinckel', '06127', 'Perugia', 'marta.porzio', 'Magazziniere');
INSERT INTO Dipendente VALUES ('UXETBB25N85F898Y', 'Osea', 'Martini', DATE '1960-06-15', 'Via Piererminio', '46100', 'Mantova', 'osea.martini', 'Dirigente');


-- contratti validi
INSERT INTO Contratto VALUES ('3R6DA2X', 'Part-time', DATE '2015-09-17', DATE '2025-09-17', 'KQWMYW14M46T912E');
INSERT INTO Contratto VALUES ('Y3TZNNS', 'Indeterminato', DATE '2015-09-25', DATE '2025-09-25', 'TYITHI81H72P241J');
INSERT INTO Contratto VALUES ('4U3XU1O', 'Indeterminato', DATE '2015-10-16', DATE '2025-10-16', 'JQYGGW73B53M696N');
INSERT INTO Contratto VALUES ('TAUJ5HZ', 'Determinato', DATE '2016-04-08', DATE '2026-04-08', 'UWWKVF45W14S828U');
INSERT INTO Contratto VALUES ('RS3SG3R', 'Part-time', DATE '2016-06-16', DATE '2026-06-16', 'HCOWJZ02T47V573F');
INSERT INTO Contratto VALUES ('4W3LM3U', 'Part-time', DATE '2016-06-23', DATE '2026-06-23', 'ZMHTFC56S72T119B');
INSERT INTO Contratto VALUES ('PU453M3', 'Determinato', DATE '2016-06-29', DATE '2026-06-29', 'PKVEXQ30A01Z162C');
INSERT INTO Contratto VALUES ('EF23OU3', 'Determinato', DATE '2017-01-18', DATE '2027-01-18', 'PUVLVZ97F09R237B');
INSERT INTO Contratto VALUES ('6YOCB4X', 'Part-time', DATE '2017-05-16', DATE '2027-05-16', 'YFBLRF48O55Z048M');
INSERT INTO Contratto VALUES ('UOMNMR9', 'Determinato', DATE '2018-01-18', DATE '2028-01-18', 'DUESAF55F52N289W');
INSERT INTO Contratto VALUES ('SCNTHCH', 'Part-time', DATE '2018-11-20', DATE '2028-11-20', 'KZLGDK32P62O335T');
INSERT INTO Contratto VALUES ('SNHNZB1', 'Part-time', DATE '2019-04-01', DATE '2029-04-01', 'GZTZTI69R80D542D');
INSERT INTO Contratto VALUES ('DWVGI9Z', 'Determinato', DATE '2019-07-25', DATE '2029-07-25', 'SCLOHS15F88Z768W');
INSERT INTO Contratto VALUES ('0E304U5', 'Determinato', DATE '2020-03-23', DATE '2030-03-23', 'DPZOCJ48G58T201C');
INSERT INTO Contratto VALUES ('FHE43NP', 'Indeterminato', DATE '2020-09-22', DATE '2030-09-22', 'HBGVQP27H84A198C');
INSERT INTO Contratto VALUES ('GX4ZIJF', 'Determinato', DATE '2020-11-02', DATE '2030-11-02', 'CJCTBV03C75B257C');
INSERT INTO Contratto VALUES ('YYA04RY', 'Indeterminato', DATE '2020-12-09', DATE '2030-12-09', 'RKNIVQ17Q56K462W');
INSERT INTO Contratto VALUES ('JDFZ0QD', 'Indeterminato', DATE '2021-06-02', DATE '2031-06-02', 'JHMDHM13R67X714P');
INSERT INTO Contratto VALUES ('9WWOIWY', 'Part-time', DATE '2021-07-01', DATE '2031-07-01', 'DOSLHP83T20C898N');
INSERT INTO Contratto VALUES ('ZSQFM3S', 'Indeterminato', DATE '2022-06-15', DATE '2032-06-15', 'UXETBB25N85F898Y');
-- contratti scaduti
INSERT INTO Contratto VALUES ('2E0SC6Z', 'Determinato', DATE '2005-09-16', DATE '2015-09-16', 'KQWMYW14M46T912E');
INSERT INTO Contratto VALUES ('PQCL4LD', 'Determinato', DATE '2005-09-24', DATE '2015-09-24', 'TYITHI81H72P241J');
INSERT INTO Contratto VALUES ('9KY3QTD', 'Part-time', DATE '2005-10-15', DATE '2015-10-15', 'JQYGGW73B53M696N');
INSERT INTO Contratto VALUES ('E6Z7K3L', 'Indeterminato', DATE '2006-04-07', DATE '2016-04-07', 'UWWKVF45W14S828U');
INSERT INTO Contratto VALUES ('O3YX5QM', 'Determinato', DATE '2006-06-15', DATE '2016-06-15', 'HCOWJZ02T47V573F');
INSERT INTO Contratto VALUES ('ZZPL33V', 'Indeterminato', DATE '2006-06-22', DATE '2016-06-22', 'ZMHTFC56S72T119B');
INSERT INTO Contratto VALUES ('BNNK9WU', 'Part-time', DATE '2006-06-28', DATE '2016-06-28', 'PKVEXQ30A01Z162C');
INSERT INTO Contratto VALUES ('LIR68B1', 'Indeterminato', DATE '2007-01-17', DATE '2017-01-17', 'PUVLVZ97F09R237B');
INSERT INTO Contratto VALUES ('FFRMIP0', 'Determinato', DATE '2007-05-15', DATE '2017-05-15', 'YFBLRF48O55Z048M');
INSERT INTO Contratto VALUES ('GV40PMT', 'Determinato', DATE '2008-01-17', DATE '2018-01-17', 'DUESAF55F52N289W');
INSERT INTO Contratto VALUES ('SLAM7QM', 'Indeterminato', DATE '2008-11-19', DATE '2018-11-19', 'KZLGDK32P62O335T');
INSERT INTO Contratto VALUES ('DOO1APW', 'Part-time', DATE '2009-03-31', DATE '2019-03-31', 'GZTZTI69R80D542D');
INSERT INTO Contratto VALUES ('ZKDP7HI', 'Part-time', DATE '2009-07-24', DATE '2019-07-24', 'SCLOHS15F88Z768W');
INSERT INTO Contratto VALUES ('U3E8GE5', 'Determinato', DATE '2010-03-22', DATE '2020-03-22', 'DPZOCJ48G58T201C');
INSERT INTO Contratto VALUES ('IA8IL2Z', 'Determinato', DATE '2010-09-21', DATE '2020-09-21', 'HBGVQP27H84A198C');
INSERT INTO Contratto VALUES ('JKE9CLY', 'Part-time', DATE '2010-11-01', DATE '2020-11-01', 'CJCTBV03C75B257C');
INSERT INTO Contratto VALUES ('VJYZY36', 'Part-time', DATE '2010-12-08', DATE '2020-12-08', 'RKNIVQ17Q56K462W');
INSERT INTO Contratto VALUES ('6STFNIT', 'Indeterminato', DATE '2011-06-01', DATE '2021-06-01', 'JHMDHM13R67X714P');
INSERT INTO Contratto VALUES ('75BBION', 'Indeterminato', DATE '2011-08-30', DATE '2021-08-30', 'DOSLHP83T20C898N');
INSERT INTO Contratto VALUES ('GGPMNSX', 'Indeterminato', DATE '2012-06-14', DATE '2022-06-14', 'UXETBB25N85F898Y');


-- DIVISIONE DEGLI STIPENDI:
--    Scaffalista:  >= 1250
--    Cassiere:     >= 1500
--    Magazziniere: >= 1900
--    Dirigente:    >= 2500
INSERT INTO Stipendio VALUES (1480.50, 200.00, DATE '2022-01-10', 'FHE43NP');
INSERT INTO Stipendio VALUES (1480.50, 200.00, DATE '2022-01-10', 'FHE43NP');
INSERT INTO Stipendio VALUES (1480.50, 200.00, DATE '2022-01-10', 'FHE43NP');
INSERT INTO Stipendio VALUES (1300.50, 200.00, DATE '2022-01-10', 'UOMNMR9');
INSERT INTO Stipendio VALUES (1300.50, 200.00, DATE '2022-02-10', 'UOMNMR9');
INSERT INTO Stipendio VALUES (1300.50, 200.00, DATE '2022-03-10', 'UOMNMR9');
INSERT INTO Stipendio VALUES (1450.20, 100.25, DATE '2022-01-10', 'SCNTHCH');
INSERT INTO Stipendio VALUES (1450.20, 100.25, DATE '2022-02-10', 'SCNTHCH');
INSERT INTO Stipendio VALUES (1450.20, 100.25, DATE '2022-03-10', 'SCNTHCH');
INSERT INTO Stipendio VALUES (1300.55, 150.20, DATE '2022-01-10', '3R6DA2X');
INSERT INTO Stipendio VALUES (1300.55, 150.20, DATE '2022-02-10', '3R6DA2X');
INSERT INTO Stipendio VALUES (1300.55, 150.20, DATE '2022-03-10', '3R6DA2X');
INSERT INTO Stipendio VALUES (1400.10, 125.35, DATE '2022-01-10', 'Y3TZNNS');
INSERT INTO Stipendio VALUES (1400.10, 125.35, DATE '2022-02-10', 'Y3TZNNS');
INSERT INTO Stipendio VALUES (1400.10, 125.35, DATE '2022-03-10', 'Y3TZNNS');
INSERT INTO Stipendio VALUES (1450.75, 200.00, DATE '2022-01-10', '4U3XU1O');
INSERT INTO Stipendio VALUES (1450.75, 200.00, DATE '2022-02-10', '4U3XU1O');
INSERT INTO Stipendio VALUES (1450.75, 200.00, DATE '2022-03-10', '4U3XU1O');
INSERT INTO Stipendio VALUES (1450.10, 250.30, DATE '2022-01-10', 'EF23OU3');
INSERT INTO Stipendio VALUES (1450.10, 250.30, DATE '2022-02-10', 'EF23OU3');
INSERT INTO Stipendio VALUES (1450.10, 250.30, DATE '2022-03-10', 'EF23OU3');
INSERT INTO Stipendio VALUES (1400.80, 125.35, DATE '2022-01-10', '6YOCB4X');
INSERT INTO Stipendio VALUES (1400.80, 125.35, DATE '2022-02-10', '6YOCB4X');
INSERT INTO Stipendio VALUES (1400.80, 125.35, DATE '2022-03-10', '6YOCB4X');
INSERT INTO Stipendio VALUES (1250.50, 100.25, DATE '2022-01-10', 'TAUJ5HZ');
INSERT INTO Stipendio VALUES (1250.50, 100.25, DATE '2022-02-10', 'TAUJ5HZ');
INSERT INTO Stipendio VALUES (1250.50, 100.25, DATE '2022-03-10', 'TAUJ5HZ');
INSERT INTO Stipendio VALUES (1400.20, 150.20, DATE '2022-01-10', 'RS3SG3R');
INSERT INTO Stipendio VALUES (1400.20, 150.20, DATE '2022-02-10', 'RS3SG3R');
INSERT INTO Stipendio VALUES (1400.20, 150.20, DATE '2022-03-10', 'RS3SG3R');
INSERT INTO Stipendio VALUES (1465.75, 280.55, DATE '2022-01-10', 'SNHNZB1');
INSERT INTO Stipendio VALUES (1465.75, 280.55, DATE '2022-02-10', 'SNHNZB1');
INSERT INTO Stipendio VALUES (1465.75, 280.55, DATE '2022-03-10', 'SNHNZB1');
INSERT INTO Stipendio VALUES (2900.45, 100.25, DATE '2022-01-10', 'ZSQFM3S');
INSERT INTO Stipendio VALUES (2900.45, 100.25, DATE '2022-02-10', 'ZSQFM3S');
INSERT INTO Stipendio VALUES (2900.45, 100.25, DATE '2022-03-10', 'ZSQFM3S');
INSERT INTO Stipendio VALUES (1450.10, 125.35, DATE '2022-01-10', 'DWVGI9Z');
INSERT INTO Stipendio VALUES (1450.10, 125.35, DATE '2022-02-10', 'DWVGI9Z');
INSERT INTO Stipendio VALUES (1450.10, 125.35, DATE '2022-03-10', 'DWVGI9Z');
INSERT INTO Stipendio VALUES (1350.10, 200.00, DATE '2022-01-10', '4W3LM3U');
INSERT INTO Stipendio VALUES (1350.10, 200.00, DATE '2022-02-10', '4W3LM3U');
INSERT INTO Stipendio VALUES (1350.10, 200.00, DATE '2022-03-10', '4W3LM3U');
INSERT INTO Stipendio VALUES (1400.50, 225.35, DATE '2022-01-10', 'PU453M3');
INSERT INTO Stipendio VALUES (1400.50, 225.35, DATE '2022-02-10', 'PU453M3');
INSERT INTO Stipendio VALUES (1400.50, 225.35, DATE '2022-03-10', 'PU453M3');
INSERT INTO Stipendio VALUES (1300.50, 300.45, DATE '2022-01-10', '0E304U5');
INSERT INTO Stipendio VALUES (1300.50, 300.45, DATE '2022-02-10', '0E304U5');
INSERT INTO Stipendio VALUES (1300.50, 300.45, DATE '2022-03-10', '0E304U5');
INSERT INTO Stipendio VALUES (1250.50, 100.45, DATE '2022-01-10', 'GX4ZIJF');
INSERT INTO Stipendio VALUES (1250.50, 100.45, DATE '2022-02-10', 'GX4ZIJF');
INSERT INTO Stipendio VALUES (1250.50, 100.45, DATE '2022-03-10', 'GX4ZIJF');
INSERT INTO Stipendio VALUES (1400.50, 200.45, DATE '2022-01-10', 'YYA04RY');
INSERT INTO Stipendio VALUES (1400.50, 200.45, DATE '2022-02-10', 'YYA04RY');
INSERT INTO Stipendio VALUES (1400.50, 200.45, DATE '2022-03-10', 'YYA04RY');
INSERT INTO Stipendio VALUES (2000.50, 300.45, DATE '2022-01-10', 'JDFZ0QD');
INSERT INTO Stipendio VALUES (2000.50, 300.45, DATE '2022-02-10', 'JDFZ0QD');
INSERT INTO Stipendio VALUES (2000.50, 300.45, DATE '2022-03-10', 'JDFZ0QD');
INSERT INTO Stipendio VALUES (1950.50, 400.45, DATE '2022-01-10', '9WWOIWY');
INSERT INTO Stipendio VALUES (1950.50, 400.45, DATE '2022-02-10', '9WWOIWY');
INSERT INTO Stipendio VALUES (1950.50, 400.45, DATE '2022-03-10', '9WWOIWY');


INSERT INTO Presenza VALUES (TO_TIMESTAMP('2021-07-21 09:00:00', 'YYYY-MM-DD HH24:MI:SS'), TO_TIMESTAMP('2021-07-21 18:00:00', 'YYYY-MM-DD HH24:MI:SS'), 'DUESAF55F52N289W');
INSERT INTO Presenza VALUES (TO_TIMESTAMP('2021-08-23 09:00:00', 'YYYY-MM-DD HH24:MI:SS'), TO_TIMESTAMP('2021-08-23 18:00:00', 'YYYY-MM-DD HH24:MI:SS'), 'DUESAF55F52N289W');
INSERT INTO Presenza VALUES (TO_TIMESTAMP('2021-09-08 09:00:00', 'YYYY-MM-DD HH24:MI:SS'), TO_TIMESTAMP('2021-09-08 18:00:00', 'YYYY-MM-DD HH24:MI:SS'), 'DUESAF55F52N289W');
INSERT INTO Presenza VALUES (TO_TIMESTAMP('2021-11-01 09:00:00', 'YYYY-MM-DD HH24:MI:SS'), TO_TIMESTAMP('2021-11-01 18:00:00', 'YYYY-MM-DD HH24:MI:SS'), 'KZLGDK32P62O335T');
INSERT INTO Presenza VALUES (TO_TIMESTAMP('2021-11-02 09:00:00', 'YYYY-MM-DD HH24:MI:SS'), TO_TIMESTAMP('2021-11-02 18:00:00', 'YYYY-MM-DD HH24:MI:SS'), 'KZLGDK32P62O335T');
INSERT INTO Presenza VALUES (TO_TIMESTAMP('2021-11-05 09:00:00', 'YYYY-MM-DD HH24:MI:SS'), TO_TIMESTAMP('2021-11-05 18:00:00', 'YYYY-MM-DD HH24:MI:SS'), 'KZLGDK32P62O335T');
INSERT INTO Presenza VALUES (TO_TIMESTAMP('2021-12-29 09:00:00', 'YYYY-MM-DD HH24:MI:SS'), TO_TIMESTAMP('2021-12-29 18:00:00', 'YYYY-MM-DD HH24:MI:SS'), 'KQWMYW14M46T912E');
INSERT INTO Presenza VALUES (TO_TIMESTAMP('2022-01-10 09:00:00', 'YYYY-MM-DD HH24:MI:SS'), TO_TIMESTAMP('2022-01-10 18:00:00', 'YYYY-MM-DD HH24:MI:SS'), 'KQWMYW14M46T912E');
INSERT INTO Presenza VALUES (TO_TIMESTAMP('2022-02-03 09:00:00', 'YYYY-MM-DD HH24:MI:SS'), TO_TIMESTAMP('2022-02-03 18:00:00', 'YYYY-MM-DD HH24:MI:SS'), 'KQWMYW14M46T912E');
INSERT INTO Presenza VALUES (TO_TIMESTAMP('2022-02-16 09:00:00', 'YYYY-MM-DD HH24:MI:SS'), TO_TIMESTAMP('2022-02-16 18:00:00', 'YYYY-MM-DD HH24:MI:SS'), 'TYITHI81H72P241J');
INSERT INTO Presenza VALUES (TO_TIMESTAMP('2022-02-23 09:00:00', 'YYYY-MM-DD HH24:MI:SS'), TO_TIMESTAMP('2022-02-23 18:00:00', 'YYYY-MM-DD HH24:MI:SS'), 'TYITHI81H72P241J');
INSERT INTO Presenza VALUES (TO_TIMESTAMP('2022-03-14 09:00:00', 'YYYY-MM-DD HH24:MI:SS'), TO_TIMESTAMP('2022-03-14 18:00:00', 'YYYY-MM-DD HH24:MI:SS'), 'TYITHI81H72P241J');
INSERT INTO Presenza VALUES (TO_TIMESTAMP('2022-03-16 09:00:00', 'YYYY-MM-DD HH24:MI:SS'), TO_TIMESTAMP('2022-03-16 18:00:00', 'YYYY-MM-DD HH24:MI:SS'), 'JQYGGW73B53M696N');
INSERT INTO Presenza VALUES (TO_TIMESTAMP('2022-04-29 09:00:00', 'YYYY-MM-DD HH24:MI:SS'), TO_TIMESTAMP('2022-04-29 18:00:00', 'YYYY-MM-DD HH24:MI:SS'), 'JQYGGW73B53M696N');
INSERT INTO Presenza VALUES (TO_TIMESTAMP('2022-06-06 09:00:00', 'YYYY-MM-DD HH24:MI:SS'), TO_TIMESTAMP('2022-06-06 18:00:00', 'YYYY-MM-DD HH24:MI:SS'), 'JQYGGW73B53M696N');
INSERT INTO Presenza VALUES (TO_TIMESTAMP('2022-06-08 10:00:00', 'YYYY-MM-DD HH24:MI:SS'), TO_TIMESTAMP('2022-06-08 19:00:00', 'YYYY-MM-DD HH24:MI:SS'), 'PUVLVZ97F09R237B');
INSERT INTO Presenza VALUES (TO_TIMESTAMP('2022-06-14 10:00:00', 'YYYY-MM-DD HH24:MI:SS'), TO_TIMESTAMP('2022-06-14 19:00:00', 'YYYY-MM-DD HH24:MI:SS'), 'PUVLVZ97F09R237B');
INSERT INTO Presenza VALUES (TO_TIMESTAMP('2022-06-20 10:00:00', 'YYYY-MM-DD HH24:MI:SS'), TO_TIMESTAMP('2022-06-20 19:00:00', 'YYYY-MM-DD HH24:MI:SS'), 'PUVLVZ97F09R237B');
INSERT INTO Presenza VALUES (TO_TIMESTAMP('2022-06-21 10:00:00', 'YYYY-MM-DD HH24:MI:SS'), TO_TIMESTAMP('2022-06-21 19:00:00', 'YYYY-MM-DD HH24:MI:SS'), 'YFBLRF48O55Z048M');
INSERT INTO Presenza VALUES (TO_TIMESTAMP('2022-06-27 10:00:00', 'YYYY-MM-DD HH24:MI:SS'), TO_TIMESTAMP('2022-06-27 19:00:00', 'YYYY-MM-DD HH24:MI:SS'), 'YFBLRF48O55Z048M');
INSERT INTO Presenza VALUES (TO_TIMESTAMP('2022-07-04 10:00:00', 'YYYY-MM-DD HH24:MI:SS'), TO_TIMESTAMP('2022-07-04 19:00:00', 'YYYY-MM-DD HH24:MI:SS'), 'YFBLRF48O55Z048M');
INSERT INTO Presenza VALUES (TO_TIMESTAMP('2022-08-05 10:00:00', 'YYYY-MM-DD HH24:MI:SS'), TO_TIMESTAMP('2022-08-05 19:00:00', 'YYYY-MM-DD HH24:MI:SS'), 'UWWKVF45W14S828U');
INSERT INTO Presenza VALUES (TO_TIMESTAMP('2022-08-15 10:00:00', 'YYYY-MM-DD HH24:MI:SS'), TO_TIMESTAMP('2022-08-15 19:00:00', 'YYYY-MM-DD HH24:MI:SS'), 'UWWKVF45W14S828U');
INSERT INTO Presenza VALUES (TO_TIMESTAMP('2022-10-13 10:00:00', 'YYYY-MM-DD HH24:MI:SS'), TO_TIMESTAMP('2022-10-13 19:00:00', 'YYYY-MM-DD HH24:MI:SS'), 'UWWKVF45W14S828U');
INSERT INTO Presenza VALUES (TO_TIMESTAMP('2022-12-02 10:00:00', 'YYYY-MM-DD HH24:MI:SS'), TO_TIMESTAMP('2022-12-02 19:00:00', 'YYYY-MM-DD HH24:MI:SS'), 'HCOWJZ02T47V573F');
INSERT INTO Presenza VALUES (TO_TIMESTAMP('2021-07-23 10:00:00', 'YYYY-MM-DD HH24:MI:SS'), TO_TIMESTAMP('2021-07-23 19:00:00', 'YYYY-MM-DD HH24:MI:SS'), 'HCOWJZ02T47V573F');
INSERT INTO Presenza VALUES (TO_TIMESTAMP('2021-07-30 10:00:00', 'YYYY-MM-DD HH24:MI:SS'), TO_TIMESTAMP('2021-07-30 19:00:00', 'YYYY-MM-DD HH24:MI:SS'), 'HCOWJZ02T47V573F');
INSERT INTO Presenza VALUES (TO_TIMESTAMP('2021-10-04 10:00:00', 'YYYY-MM-DD HH24:MI:SS'), TO_TIMESTAMP('2021-10-04 19:00:00', 'YYYY-MM-DD HH24:MI:SS'), 'GZTZTI69R80D542D');
INSERT INTO Presenza VALUES (TO_TIMESTAMP('2021-10-15 10:00:00', 'YYYY-MM-DD HH24:MI:SS'), TO_TIMESTAMP('2021-10-15 19:00:00', 'YYYY-MM-DD HH24:MI:SS'), 'GZTZTI69R80D542D');
INSERT INTO Presenza VALUES (TO_TIMESTAMP('2021-10-22 10:00:00', 'YYYY-MM-DD HH24:MI:SS'), TO_TIMESTAMP('2021-10-22 19:00:00', 'YYYY-MM-DD HH24:MI:SS'), 'GZTZTI69R80D542D');
INSERT INTO Presenza VALUES (TO_TIMESTAMP('2021-11-02 14:00:00', 'YYYY-MM-DD HH24:MI:SS'), TO_TIMESTAMP('2021-11-02 21:00:00', 'YYYY-MM-DD HH24:MI:SS'), 'UXETBB25N85F898Y');
INSERT INTO Presenza VALUES (TO_TIMESTAMP('2021-11-17 14:00:00', 'YYYY-MM-DD HH24:MI:SS'), TO_TIMESTAMP('2021-11-17 21:00:00', 'YYYY-MM-DD HH24:MI:SS'), 'UXETBB25N85F898Y');
INSERT INTO Presenza VALUES (TO_TIMESTAMP('2022-01-04 14:00:00', 'YYYY-MM-DD HH24:MI:SS'), TO_TIMESTAMP('2022-01-04 21:00:00', 'YYYY-MM-DD HH24:MI:SS'), 'UXETBB25N85F898Y');
INSERT INTO Presenza VALUES (TO_TIMESTAMP('2022-01-12 14:00:00', 'YYYY-MM-DD HH24:MI:SS'), TO_TIMESTAMP('2022-01-12 21:00:00', 'YYYY-MM-DD HH24:MI:SS'), 'SCLOHS15F88Z768W');
INSERT INTO Presenza VALUES (TO_TIMESTAMP('2022-02-08 14:00:00', 'YYYY-MM-DD HH24:MI:SS'), TO_TIMESTAMP('2022-02-08 21:00:00', 'YYYY-MM-DD HH24:MI:SS'), 'SCLOHS15F88Z768W');
INSERT INTO Presenza VALUES (TO_TIMESTAMP('2022-02-14 14:00:00', 'YYYY-MM-DD HH24:MI:SS'), TO_TIMESTAMP('2022-02-14 21:00:00', 'YYYY-MM-DD HH24:MI:SS'), 'SCLOHS15F88Z768W');
INSERT INTO Presenza VALUES (TO_TIMESTAMP('2022-03-14 14:00:00', 'YYYY-MM-DD HH24:MI:SS'), TO_TIMESTAMP('2022-03-14 21:00:00', 'YYYY-MM-DD HH24:MI:SS'), 'ZMHTFC56S72T119B');
INSERT INTO Presenza VALUES (TO_TIMESTAMP('2022-04-12 14:00:00', 'YYYY-MM-DD HH24:MI:SS'), TO_TIMESTAMP('2022-04-12 21:00:00', 'YYYY-MM-DD HH24:MI:SS'), 'ZMHTFC56S72T119B');
INSERT INTO Presenza VALUES (TO_TIMESTAMP('2022-04-19 14:00:00', 'YYYY-MM-DD HH24:MI:SS'), TO_TIMESTAMP('2022-04-19 21:00:00', 'YYYY-MM-DD HH24:MI:SS'), 'ZMHTFC56S72T119B');
INSERT INTO Presenza VALUES (TO_TIMESTAMP('2022-06-07 14:00:00', 'YYYY-MM-DD HH24:MI:SS'), TO_TIMESTAMP('2022-06-07 21:00:00', 'YYYY-MM-DD HH24:MI:SS'), 'PKVEXQ30A01Z162C');
INSERT INTO Presenza VALUES (TO_TIMESTAMP('2022-06-23 14:00:00', 'YYYY-MM-DD HH24:MI:SS'), TO_TIMESTAMP('2022-06-23 21:00:00', 'YYYY-MM-DD HH24:MI:SS'), 'PKVEXQ30A01Z162C');
INSERT INTO Presenza VALUES (TO_TIMESTAMP('2022-07-11 14:00:00', 'YYYY-MM-DD HH24:MI:SS'), TO_TIMESTAMP('2022-07-11 21:00:00', 'YYYY-MM-DD HH24:MI:SS'), 'PKVEXQ30A01Z162C');
INSERT INTO Presenza VALUES (TO_TIMESTAMP('2022-07-19 14:00:00', 'YYYY-MM-DD HH24:MI:SS'), TO_TIMESTAMP('2022-07-19 21:00:00', 'YYYY-MM-DD HH24:MI:SS'), 'DPZOCJ48G58T201C');
INSERT INTO Presenza VALUES (TO_TIMESTAMP('2022-09-21 14:00:00', 'YYYY-MM-DD HH24:MI:SS'), TO_TIMESTAMP('2022-09-21 21:00:00', 'YYYY-MM-DD HH24:MI:SS'), 'DPZOCJ48G58T201C');
INSERT INTO Presenza VALUES (TO_TIMESTAMP('2022-10-17 14:00:00', 'YYYY-MM-DD HH24:MI:SS'), TO_TIMESTAMP('2022-10-17 21:00:00', 'YYYY-MM-DD HH24:MI:SS'), 'DPZOCJ48G58T201C');
INSERT INTO Presenza VALUES (TO_TIMESTAMP('2022-11-18 14:00:00', 'YYYY-MM-DD HH24:MI:SS'), TO_TIMESTAMP('2022-11-18 21:00:00', 'YYYY-MM-DD HH24:MI:SS'), 'CJCTBV03C75B257C');
INSERT INTO Presenza VALUES (TO_TIMESTAMP('2022-12-19 14:00:00', 'YYYY-MM-DD HH24:MI:SS'), TO_TIMESTAMP('2022-12-19 21:00:00', 'YYYY-MM-DD HH24:MI:SS'), 'CJCTBV03C75B257C');
INSERT INTO Presenza VALUES (TO_TIMESTAMP('2022-10-20 14:00:00', 'YYYY-MM-DD HH24:MI:SS'), TO_TIMESTAMP('2022-10-20 21:00:00', 'YYYY-MM-DD HH24:MI:SS'), 'CJCTBV03C75B257C');
INSERT INTO Presenza VALUES (TO_TIMESTAMP('2022-11-10 14:00:00', 'YYYY-MM-DD HH24:MI:SS'), TO_TIMESTAMP('2022-11-10 21:00:00', 'YYYY-MM-DD HH24:MI:SS'), 'RKNIVQ17Q56K462W');
INSERT INTO Presenza VALUES (TO_TIMESTAMP('2022-12-02 14:00:00', 'YYYY-MM-DD HH24:MI:SS'), TO_TIMESTAMP('2022-12-02 21:00:00', 'YYYY-MM-DD HH24:MI:SS'), 'RKNIVQ17Q56K462W');
INSERT INTO Presenza VALUES (TO_TIMESTAMP('2022-10-12 14:00:00', 'YYYY-MM-DD HH24:MI:SS'), TO_TIMESTAMP('2022-10-12 21:00:00', 'YYYY-MM-DD HH24:MI:SS'), 'RKNIVQ17Q56K462W');
INSERT INTO Presenza VALUES (TO_TIMESTAMP('2022-11-13 14:00:00', 'YYYY-MM-DD HH24:MI:SS'), TO_TIMESTAMP('2022-11-13 21:00:00', 'YYYY-MM-DD HH24:MI:SS'), 'JHMDHM13R67X714P');
INSERT INTO Presenza VALUES (TO_TIMESTAMP('2022-12-14 14:00:00', 'YYYY-MM-DD HH24:MI:SS'), TO_TIMESTAMP('2022-12-14 21:00:00', 'YYYY-MM-DD HH24:MI:SS'), 'JHMDHM13R67X714P');
INSERT INTO Presenza VALUES (TO_TIMESTAMP('2022-10-15 14:00:00', 'YYYY-MM-DD HH24:MI:SS'), TO_TIMESTAMP('2022-10-15 21:00:00', 'YYYY-MM-DD HH24:MI:SS'), 'JHMDHM13R67X714P');
INSERT INTO Presenza VALUES (TO_TIMESTAMP('2022-11-16 14:00:00', 'YYYY-MM-DD HH24:MI:SS'), TO_TIMESTAMP('2022-11-16 21:00:00', 'YYYY-MM-DD HH24:MI:SS'), 'DOSLHP83T20C898N');
INSERT INTO Presenza VALUES (TO_TIMESTAMP('2022-12-25 14:00:00', 'YYYY-MM-DD HH24:MI:SS'), TO_TIMESTAMP('2022-12-25 21:00:00', 'YYYY-MM-DD HH24:MI:SS'), 'DOSLHP83T20C898N');
INSERT INTO Presenza VALUES (TO_TIMESTAMP('2022-10-27 14:00:00', 'YYYY-MM-DD HH24:MI:SS'), TO_TIMESTAMP('2022-10-27 21:00:00', 'YYYY-MM-DD HH24:MI:SS'), 'DOSLHP83T20C898N');
INSERT INTO Presenza VALUES (TO_TIMESTAMP('2022-11-16 14:00:00', 'YYYY-MM-DD HH24:MI:SS'), TO_TIMESTAMP('2022-11-16 21:00:00', 'YYYY-MM-DD HH24:MI:SS'), 'HBGVQP27H84A198C');
INSERT INTO Presenza VALUES (TO_TIMESTAMP('2022-12-25 14:00:00', 'YYYY-MM-DD HH24:MI:SS'), TO_TIMESTAMP('2022-12-25 21:00:00', 'YYYY-MM-DD HH24:MI:SS'), 'HBGVQP27H84A198C');
INSERT INTO Presenza VALUES (TO_TIMESTAMP('2022-10-27 14:00:00', 'YYYY-MM-DD HH24:MI:SS'), TO_TIMESTAMP('2022-10-27 21:00:00', 'YYYY-MM-DD HH24:MI:SS'), 'HBGVQP27H84A198C');


INSERT INTO Ferie VALUES (DATE '2020-03-22', DATE '2020-03-31', 'DUESAF55F52N289W', 196);
INSERT INTO Ferie VALUES (DATE '2021-08-26', DATE '2021-09-10', 'DUESAF55F52N289W', 118);
INSERT INTO Ferie VALUES (DATE '2019-12-03', DATE '2019-12-10', 'DUESAF55F52N289W', 160);
INSERT INTO Ferie VALUES (DATE '2020-04-01', DATE '2020-04-16', 'KZLGDK32P62O335T', 114);
INSERT INTO Ferie VALUES (DATE '2022-02-03', DATE '2022-02-08', 'KZLGDK32P62O335T', 104);
INSERT INTO Ferie VALUES (DATE '2019-12-11', DATE '2019-12-24', 'KZLGDK32P62O335T', 197);
INSERT INTO Ferie VALUES (DATE '2020-04-23', DATE '2020-04-29', 'KQWMYW14M46T912E', 151);
INSERT INTO Ferie VALUES (DATE '2022-04-19', DATE '2022-05-09', 'KQWMYW14M46T912E', 163);
INSERT INTO Ferie VALUES (DATE '2020-05-07', DATE '2020-06-21', 'KQWMYW14M46T912E', 127);
INSERT INTO Ferie VALUES (DATE '2020-06-26', DATE '2020-07-14', 'TYITHI81H72P241J', 212);
INSERT INTO Ferie VALUES (DATE '2022-06-17', DATE '2022-07-06', 'TYITHI81H72P241J', 186);
INSERT INTO Ferie VALUES (DATE '2020-07-22', DATE '2020-08-22', 'TYITHI81H72P241J', 214);
INSERT INTO Ferie VALUES (DATE '2020-11-10', DATE '2020-11-20', 'JQYGGW73B53M696N', 138);
INSERT INTO Ferie VALUES (DATE '2022-09-16', DATE '2022-09-27', 'JQYGGW73B53M696N', 120);
INSERT INTO Ferie VALUES (DATE '2020-09-24', DATE '2020-09-29', 'JQYGGW73B53M696N', 170);
INSERT INTO Ferie VALUES (DATE '2020-12-04', DATE '2020-12-18', 'PUVLVZ97F09R237B', 124);
INSERT INTO Ferie VALUES (DATE '2022-10-05', DATE '2022-10-15', 'PUVLVZ97F09R237B', 180);
INSERT INTO Ferie VALUES (DATE '2021-01-06', DATE '2021-02-03', 'PUVLVZ97F09R237B', 182);
INSERT INTO Ferie VALUES (DATE '2021-02-16', DATE '2021-03-13', 'YFBLRF48O55Z048M', 122);
INSERT INTO Ferie VALUES (DATE '2019-10-01', DATE '2019-10-14', 'YFBLRF48O55Z048M', 174);
INSERT INTO Ferie VALUES (DATE '2021-06-02', DATE '2021-06-13', 'YFBLRF48O55Z048M', 110);
INSERT INTO Ferie VALUES (DATE '2021-04-14', DATE '2021-05-07', 'UWWKVF45W14S828U', 178);
INSERT INTO Ferie VALUES (DATE '2020-02-06', DATE '2020-03-19', 'UWWKVF45W14S828U', 106);
INSERT INTO Ferie VALUES (DATE '2021-12-15', DATE '2021-12-25', 'UWWKVF45W14S828U', 193);
INSERT INTO Ferie VALUES (DATE '2021-08-12', DATE '2021-08-26', 'HCOWJZ02T47V573F', 202);
INSERT INTO Ferie VALUES (DATE '2020-06-04', DATE '2020-06-24', 'HCOWJZ02T47V573F', 135);
INSERT INTO Ferie VALUES (DATE '2022-01-31', DATE '2022-02-10', 'HCOWJZ02T47V573F', 179);
INSERT INTO Ferie VALUES (DATE '2022-06-13', DATE '2022-06-30', 'GZTZTI69R80D542D', 209);
INSERT INTO Ferie VALUES (DATE '2020-10-06', DATE '2020-10-13', 'GZTZTI69R80D542D', 185);
INSERT INTO Ferie VALUES (DATE '2022-08-16', DATE '2022-08-24', 'GZTZTI69R80D542D', 153);
INSERT INTO Ferie VALUES (DATE '2022-07-04', DATE '2022-07-11', 'UXETBB25N85F898Y', 206);
INSERT INTO Ferie VALUES (DATE '2021-01-11', DATE '2021-02-02', 'UXETBB25N85F898Y', 164);
INSERT INTO Ferie VALUES (DATE '2022-10-10', DATE '2022-10-20', 'UXETBB25N85F898Y', 177);
INSERT INTO Ferie VALUES (DATE '2022-10-23', DATE '2022-11-10', 'SCLOHS15F88Z768W', 217);
INSERT INTO Ferie VALUES (DATE '2021-04-01', DATE '2021-04-30', 'SCLOHS15F88Z768W', 216);
INSERT INTO Ferie VALUES (DATE '2022-10-14', DATE '2022-10-24', 'SCLOHS15F88Z768W', 147);
INSERT INTO Ferie VALUES (DATE '2019-10-10', DATE '2019-10-23', 'ZMHTFC56S72T119B', 123);
INSERT INTO Ferie VALUES (DATE '2021-07-20', DATE '2021-07-26', 'ZMHTFC56S72T119B', 184);
INSERT INTO Ferie VALUES (DATE '2020-12-07', DATE '2020-12-17', 'ZMHTFC56S72T119B', 211);
INSERT INTO Ferie VALUES (DATE '2020-03-16', DATE '2020-03-27', 'PKVEXQ30A01Z162C', 109);
INSERT INTO Ferie VALUES (DATE '2021-08-30', DATE '2021-09-05', 'PKVEXQ30A01Z162C', 154);
INSERT INTO Ferie VALUES (DATE '2021-04-09', DATE '2021-04-19', 'PKVEXQ30A01Z162C', 149);
INSERT INTO Ferie VALUES (DATE '2020-03-31', DATE '2020-04-14', 'DPZOCJ48G58T201C', 218);
INSERT INTO Ferie VALUES (DATE '2022-11-19', DATE '2022-12-02', 'DPZOCJ48G58T201C', 141);
INSERT INTO Ferie VALUES (DATE '2021-05-31', DATE '2021-06-02', 'DPZOCJ48G58T201C', 168);
INSERT INTO Ferie VALUES (DATE '2020-09-02', DATE '2020-09-15', 'CJCTBV03C75B257C', 148);
INSERT INTO Ferie VALUES (DATE '2022-02-07', DATE '2022-02-04', 'CJCTBV03C75B257C', 167);
INSERT INTO Ferie VALUES (DATE '2021-08-10', DATE '2021-08-20', 'CJCTBV03C75B257C', 102);
INSERT INTO Ferie VALUES (DATE '2021-01-12', DATE '2021-02-04', 'RKNIVQ17Q56K462W', 122);
INSERT INTO Ferie VALUES (DATE '2022-05-17', DATE '2022-05-24', 'RKNIVQ17Q56K462W', 210);
INSERT INTO Ferie VALUES (DATE '2021-10-19', DATE '2021-10-29', 'RKNIVQ17Q56K462W', 183);
INSERT INTO Ferie VALUES (DATE '2021-05-12', DATE '2021-06-08', 'JHMDHM13R67X714P', 198);
INSERT INTO Ferie VALUES (DATE '2019-09-16', DATE '2019-09-20', 'JHMDHM13R67X714P', 211);
INSERT INTO Ferie VALUES (DATE '2021-11-10', DATE '2021-11-23', 'JHMDHM13R67X714P', 173);
INSERT INTO Ferie VALUES (DATE '2021-07-27', DATE '2021-08-02', 'DOSLHP83T20C898N', 104);
INSERT INTO Ferie VALUES (DATE '2019-11-05', DATE '2019-11-12', 'DOSLHP83T20C898N', 106);
INSERT INTO Ferie VALUES (DATE '2022-04-04', DATE '2022-04-19', 'DOSLHP83T20C898N', 166);
INSERT INTO Ferie VALUES (DATE '2021-05-22', DATE '2021-06-02', 'HBGVQP27H84A198C', 154);
INSERT INTO Ferie VALUES (DATE '2019-10-05', DATE '2019-10-12', 'HBGVQP27H84A198C', 126);
INSERT INTO Ferie VALUES (DATE '2022-08-04', DATE '2022-08-19', 'HBGVQP27H84A198C', 171);


INSERT INTO Cassa VALUES ('01', 'JQYGGW73B53M696N');
INSERT INTO Cassa VALUES ('02', 'UWWKVF45W14S828U');
INSERT INTO Cassa VALUES ('03', 'HCOWJZ02T47V573F');
INSERT INTO Cassa VALUES ('04', 'ZMHTFC56S72T119B');
INSERT INTO Cassa VALUES ('05', 'PKVEXQ30A01Z162C');
INSERT INTO Cassa VALUES ('06', 'PUVLVZ97F09R237B');
INSERT INTO Cassa VALUES ('07', 'YFBLRF48O55Z048M');
INSERT INTO Cassa VALUES ('08', 'DUESAF55F52N289W');
INSERT INTO Cassa VALUES ('09', 'KZLGDK32P62O335T');
INSERT INTO Cassa VALUES ('10', 'GZTZTI69R80D542D');
INSERT INTO Cassa VALUES ('11', 'SCLOHS15F88Z768W');
INSERT INTO Cassa VALUES ('12', 'DPZOCJ48G58T201C');
INSERT INTO Cassa VALUES ('13', 'HBGVQP27H84A198C');
INSERT INTO Cassa VALUES ('14', 'CJCTBV03C75B257C');
INSERT INTO Cassa VALUES ('15', 'RKNIVQ17Q56K462W');


INSERT INTO Scontrino VALUES ('015', DATE '2020-04-17', '05');
INSERT INTO Scontrino VALUES ('145', DATE '2020-06-02', '04');
INSERT INTO Scontrino VALUES ('425', DATE '2020-06-24', '02');
INSERT INTO Scontrino VALUES ('100', DATE '2021-02-17', '06');
INSERT INTO Scontrino VALUES ('001', DATE '2021-04-12', '02');
INSERT INTO Scontrino VALUES ('102', DATE '2021-10-04', '09');
INSERT INTO Scontrino VALUES ('253', DATE '2021-12-24', '06');
INSERT INTO Scontrino VALUES ('197', DATE '2022-02-09', '13');
INSERT INTO Scontrino VALUES ('173', DATE '2022-04-08', '11');
INSERT INTO Scontrino VALUES ('142', DATE '2022-05-12', '05');
INSERT INTO Scontrino VALUES ('075', DATE '2022-06-03', '07');
INSERT INTO Scontrino VALUES ('275', DATE '2022-07-06', '08');
INSERT INTO Scontrino VALUES ('175', DATE '2022-08-17', '13');
INSERT INTO Scontrino VALUES ('045', DATE '2022-09-14', '09');
INSERT INTO Scontrino VALUES ('111', DATE '2022-10-10', '10');
INSERT INTO Scontrino VALUES ('045', DATE '2020-07-31', '13');
INSERT INTO Scontrino VALUES ('145', DATE '2020-09-14', '02');
INSERT INTO Scontrino VALUES ('075', DATE '2021-01-05', '11');
INSERT INTO Scontrino VALUES ('102', DATE '2021-02-05', '09');
INSERT INTO Scontrino VALUES ('173', DATE '2021-07-06', '02');
INSERT INTO Scontrino VALUES ('142', DATE '2021-08-09', '08');
INSERT INTO Scontrino VALUES ('197', DATE '2021-12-01', '13');
INSERT INTO Scontrino VALUES ('001', DATE '2021-12-08', '09');
INSERT INTO Scontrino VALUES ('015', DATE '2022-01-24', '10');
INSERT INTO Scontrino VALUES ('275', DATE '2022-02-03', '06');
INSERT INTO Scontrino VALUES ('425', DATE '2022-02-21', '07');
INSERT INTO Scontrino VALUES ('100', DATE '2022-03-17', '06');
INSERT INTO Scontrino VALUES ('111', DATE '2022-07-11', '05');
INSERT INTO Scontrino VALUES ('253', DATE '2022-07-12', '04');
INSERT INTO Scontrino VALUES ('175', DATE '2022-08-18', '05');
INSERT INTO Scontrino VALUES ('001', DATE '2020-10-02', '05');
INSERT INTO Scontrino VALUES ('100', DATE '2020-11-26', '11');
INSERT INTO Scontrino VALUES ('015', DATE '2020-12-16', '05');
INSERT INTO Scontrino VALUES ('075', DATE '2021-01-26', '06');
INSERT INTO Scontrino VALUES ('045', DATE '2021-02-04', '09');
INSERT INTO Scontrino VALUES ('197', DATE '2021-06-02', '09');
INSERT INTO Scontrino VALUES ('142', DATE '2021-06-28', '13');
INSERT INTO Scontrino VALUES ('102', DATE '2021-10-26', '13');
INSERT INTO Scontrino VALUES ('275', DATE '2021-12-09', '02');
INSERT INTO Scontrino VALUES ('175', DATE '2022-01-24', '07');
INSERT INTO Scontrino VALUES ('425', DATE '2022-02-24', '02');
INSERT INTO Scontrino VALUES ('145', DATE '2022-09-14', '08');
INSERT INTO Scontrino VALUES ('111', DATE '2022-10-27', '10');
INSERT INTO Scontrino VALUES ('253', DATE '2022-11-02', '04');
INSERT INTO Scontrino VALUES ('173', DATE '2022-11-10', '06');
INSERT INTO Scontrino VALUES ('591', DATE '2020-08-11', '02');
INSERT INTO Scontrino VALUES ('402', DATE '2021-01-27', '11');
INSERT INTO Scontrino VALUES ('339', DATE '2021-02-05', '09');
INSERT INTO Scontrino VALUES ('352', DATE '2021-04-09', '02');
INSERT INTO Scontrino VALUES ('468', DATE '2021-05-07', '08');
INSERT INTO Scontrino VALUES ('908', DATE '2021-06-11', '13');
INSERT INTO Scontrino VALUES ('159', DATE '2021-08-06', '09');
INSERT INTO Scontrino VALUES ('459', DATE '2022-03-09', '10');
INSERT INTO Scontrino VALUES ('118', DATE '2022-03-21', '06');
INSERT INTO Scontrino VALUES ('423', DATE '2022-06-07', '07');
INSERT INTO Scontrino VALUES ('882', DATE '2022-08-05', '06');
INSERT INTO Scontrino VALUES ('413', DATE '2022-08-30', '05');
INSERT INTO Scontrino VALUES ('490', DATE '2022-10-20', '04');
INSERT INTO Scontrino VALUES ('736', DATE '2022-10-26', '05');


INSERT INTO Brand VALUES ('Blizzard', '+4915227656077', 'blizzard@gmail.com');
INSERT INTO Brand VALUES ('CCP Games', '+48722717429', 'ccp.games@outlook.com');
INSERT INTO Brand VALUES ('Warner Bros.', '+66832692485', 'warner.bros@live.com');
INSERT INTO Brand VALUES ('Square Enix', '+17084140252', 'square.enix@gmail.com');
INSERT INTO Brand VALUES ('Flaregames', '+420721482480', 'flaregames@yahoo.com');
INSERT INTO Brand VALUES ('SEGA', '+8617107706062', 'sega@outlook.com');
INSERT INTO Brand VALUES ('Bandai Namco', '+972552603210', 'bandai.namco@gmail.com');
INSERT INTO Brand VALUES ('Nintendo', '+37124987607', 'nintendo@outlook.com');
INSERT INTO Brand VALUES ('Rockstar Games', '+972552603212', 'rockstar.games@live.com');
INSERT INTO Brand VALUES ('Ubisoft', '+32460244124', 'ubisoft@gmail.com');
INSERT INTO Brand VALUES ('Sony', '+380934611643', 'sony@outlook.com');
INSERT INTO Brand VALUES ('Microsoft', '+917428723247', 'microsoft@outlook.com');
INSERT INTO Brand VALUES ('Konami', '+559551583801', 'konami@live.com');
INSERT INTO Brand VALUES ('Electronic Arts', '+642040161449', 'electronic.arts@yahoo.com');
INSERT INTO Brand VALUES ('Turtle Beach', '+322040121459', 'turtle.beach@yahoo.com');


-- VIDEOGIOCHI
INSERT INTO Prodotto VALUES ('3877265963667', 60, 'Leggende Pokémon: Arceus', 'Nintendo');
INSERT INTO Prodotto VALUES ('5261672851322', 80, 'Fifa 22', 'Electronic Arts');
INSERT INTO Prodotto VALUES ('8689163198377', 80, 'Fifa 22', 'Electronic Arts');
INSERT INTO Prodotto VALUES ('7569965644637', 70, 'Fifa 21', 'Electronic Arts');
INSERT INTO Prodotto VALUES ('6636925343633', 70, 'Fifa 21', 'Electronic Arts');
INSERT INTO Prodotto VALUES ('8893282530072', 9.90, 'Gunjack', 'CCP Games');
INSERT INTO Prodotto VALUES ('6331848499061', 59.90, 'The Legend of Zelda: Breath of the Wild', 'Nintendo');
INSERT INTO Prodotto VALUES ('4279661395593', 85.90, 'Assassin''s Creed: Valhalla', 'Ubisoft');
INSERT INTO Prodotto VALUES ('7759311300786', 59.90, 'LEGO Star Wars: La Saga degli Skywalker', 'Warner Bros.');
INSERT INTO Prodotto VALUES ('3845831951579', 45.50, 'PES 2022', 'Konami');
INSERT INTO Prodotto VALUES ('1763091652981', 25, 'PES 2021', 'Konami');
INSERT INTO Prodotto VALUES ('5849904171315', 49.90, 'Dragon Ball FighterZ', 'Bandai Namco');
INSERT INTO Prodotto VALUES ('1802326769756', 15.90, 'Royal Revolt 2', 'Flaregames');
INSERT INTO Prodotto VALUES ('2227993193892', 40, 'Sonic Origins', 'SEGA');
INSERT INTO Prodotto VALUES ('7656086480717', 40, 'Sonic Origins', 'SEGA');
INSERT INTO Prodotto VALUES ('8959744137355', 59.90, 'Spider-Man: Miles Morales', 'Sony');
INSERT INTO Prodotto VALUES ('3905983422992', 15.45, 'Uncharted 3', 'Sony');
INSERT INTO Prodotto VALUES ('4005752908654', 50.80, 'Halo Infinite', 'Microsoft');
INSERT INTO Prodotto VALUES ('2574368316778', 14.90, 'PES 2020', 'Konami');
INSERT INTO Prodotto VALUES ('5874215310098', 60.70, 'Forza Horizon 4', 'Microsoft');
INSERT INTO Prodotto VALUES ('8442548626056', 59.90, 'Kingdom Hearts III', 'Square Enix');
INSERT INTO Prodotto VALUES ('7246393676323', 69.90, 'Red Dead Redemption II', 'Rockstar Games');
INSERT INTO Prodotto VALUES ('6146393626523', 40, 'Splatoon', 'Nintendo');
INSERT INTO Prodotto VALUES ('8946394676123', 60, 'The Legend of Zelda: Wind Waker HD', 'Nintendo');
INSERT INTO Prodotto VALUES ('9384183145257', 70, 'Halo Infinite', 'Microsoft');
INSERT INTO Prodotto VALUES ('3384181146228', 50, 'Forza Horizon', 'Microsoft');
INSERT INTO Prodotto VALUES ('8354113145213', 85.90, 'Assassin''s Creed: Valhalla', 'Ubisoft');
INSERT INTO Prodotto VALUES ('2484183145325', 40, 'Dragon Ball Xenoverse 2', 'Bandai Namco');


-- CONSOLE
INSERT INTO Prodotto VALUES ('7551569504789', 499.70, 'PlayStation 5', 'Sony');
INSERT INTO Prodotto VALUES ('8328677709326', 399.50, 'PlayStation 5 Digital Edition', 'Sony');
INSERT INTO Prodotto VALUES ('8020873584468', 299.80, 'Nintendo Switch', 'Nintendo');
INSERT INTO Prodotto VALUES ('5902515361535', 369.30, 'Nintendo Switch OLED', 'Nintendo');
INSERT INTO Prodotto VALUES ('3383053992374', 499.50, 'XBox Series X', 'Microsoft');
INSERT INTO Prodotto VALUES ('2745997206278', 299.90, 'XBox Series S', 'Microsoft');
INSERT INTO Prodotto VALUES ('4967864464771', 249.50, 'PlayStation 4 Pro', 'Sony');
INSERT INTO Prodotto VALUES ('5546466222023', 199.50, 'PlayStation 4', 'Sony');
INSERT INTO Prodotto VALUES ('4695129417494', 249.90, 'PlayStation 4', 'Sony');
INSERT INTO Prodotto VALUES ('3963478393918', 149.60, 'New Nintendo 3DS XL', 'Nintendo');
INSERT INTO Prodotto VALUES ('1919615523081', 109.70, 'New Nintendo 2DS XL', 'Nintendo');
INSERT INTO Prodotto VALUES ('5117654552206', 89.90, 'XBox One', 'Microsoft');
INSERT INTO Prodotto VALUES ('5946997088647', 99.90, 'XBox One', 'Microsoft');
INSERT INTO Prodotto VALUES ('7572733277975', 190.90, 'XBox One X', 'Microsoft'); 
INSERT INTO Prodotto VALUES ('4181906887663', 99.90, 'Wii U', 'Nintendo');
-- ACCESSORI
INSERT INTO Prodotto VALUES ('3286046443005', 59.90, 'DualSense', 'Sony');
INSERT INTO Prodotto VALUES ('2436541758173', 39.90, 'Base di ricarica per PS5', 'Sony');
INSERT INTO Prodotto VALUES ('4697876716421', 69.90, 'Pulse 3D', 'Sony');
INSERT INTO Prodotto VALUES ('7998211279748', 45.80, 'Set da due Joycon', 'Nintendo');
INSERT INTO Prodotto VALUES ('4818043864696', 25, 'Joycon sinistro', 'Nintendo');
INSERT INTO Prodotto VALUES ('5946084403818', 25, 'Joycon destro', 'Nintendo');
INSERT INTO Prodotto VALUES ('8433307812551', 137.90, 'Turtle Beach Stealth 700 Gen 2', 'Turtle Beach');
INSERT INTO Prodotto VALUES ('3931877761221', 159.90, 'Turtle Beach Stealth 700 Gen 2 MAX', 'Turtle Beach');
INSERT INTO Prodotto VALUES ('3726977003226', 159.90, 'XBox Wireless Controller Elite Series 2', 'Microsoft');
INSERT INTO Prodotto VALUES ('7665257537924', 69.90, 'XBox Wireless Controller', 'Microsoft');
INSERT INTO Prodotto VALUES ('4914406507066', 89.90, 'XBox Adaptive Controller', 'Microsoft');
INSERT INTO Prodotto VALUES ('7653894118883', 19.90, 'Batteria ricaricabile per XBox', 'Microsoft');
INSERT INTO Prodotto VALUES ('7920684151328', 99.90, 'Cuffie Wireless per Xbox', 'Microsoft');
INSERT INTO Prodotto VALUES ('9527052293741', 59.90, 'Nintendo Switch Pro Controller', 'Nintendo');
INSERT INTO Prodotto VALUES ('8277809882409', 9.90, 'Laccetto per Joy-Con', 'Nintendo');


-- OFFERTE VALIDE
INSERT INTO Offerta VALUES ('731', DATE '2022-07-01', DATE '2022-08-01');
INSERT INTO Offerta VALUES ('410', DATE '2019-12-13', DATE '2019-12-27');
INSERT INTO Offerta VALUES ('368', DATE '2020-02-17', DATE '2020-04-30');
INSERT INTO Offerta VALUES ('316', DATE '2020-06-04', DATE '2020-06-30');
INSERT INTO Offerta VALUES ('641', DATE '2020-07-20', DATE '2020-09-17');
INSERT INTO Offerta VALUES ('463', DATE '2020-11-13', DATE '2020-12-03');
INSERT INTO Offerta VALUES ('807', DATE '2021-05-11', DATE '2021-06-04');
INSERT INTO Offerta VALUES ('181', DATE '2021-10-01', DATE '2022-01-11');
INSERT INTO Offerta VALUES ('174', DATE '2022-01-25', DATE '2022-03-30');
INSERT INTO Offerta VALUES ('399', DATE '2022-06-16', DATE '2022-07-15');
INSERT INTO Offerta VALUES ('737', DATE '2022-08-03', DATE '2022-09-16');
INSERT INTO Offerta VALUES ('400', DATE '2022-10-21', DATE '2022-11-18');
INSERT INTO Offerta VALUES ('844', DATE '2022-02-25', DATE '2022-05-03');
INSERT INTO Offerta VALUES ('539', DATE '2022-06-30', DATE '2022-08-15');
INSERT INTO Offerta VALUES ('866', DATE '2022-09-13', DATE '2022-10-14');
-- OFFERTE NON PIÙ VALIDE
INSERT INTO Offerta VALUES ('194', DATE '2018-11-28', DATE '2018-12-31');
INSERT INTO Offerta VALUES ('583', DATE '2019-06-18', DATE '2019-06-28');
INSERT INTO Offerta VALUES ('851', DATE '2019-07-15', DATE '2019-07-25');
INSERT INTO Offerta VALUES ('150', DATE '2019-08-05', DATE '2019-08-28');
INSERT INTO Offerta VALUES ('408', DATE '2019-09-24', DATE '2019-10-24');
INSERT INTO Offerta VALUES ('214', DATE '2019-10-29', DATE '2019-11-20');
INSERT INTO Offerta VALUES ('423', DATE '2019-12-09', DATE '2019-12-29');
INSERT INTO Offerta VALUES ('167', DATE '2020-05-04', DATE '2020-05-14');
INSERT INTO Offerta VALUES ('448', DATE '2020-12-08', DATE '2020-12-18');
INSERT INTO Offerta VALUES ('602', DATE '2020-12-17', DATE '2020-12-27');
INSERT INTO Offerta VALUES ('601', DATE '2021-02-18', DATE '2021-02-28');
INSERT INTO Offerta VALUES ('546', DATE '2021-03-30', DATE '2021-04-30');
INSERT INTO Offerta VALUES ('219', DATE '2021-06-08', DATE '2021-06-28');
INSERT INTO Offerta VALUES ('125', DATE '2021-11-17', DATE '2021-11-27');
INSERT INTO Offerta VALUES ('861', DATE '2021-12-07', DATE '2021-12-17');


-- OFFERTE PER VIDEOGIOCHI
INSERT INTO Offerta_Prodotto VALUES ('3877265963667', '731', 0.05);
INSERT INTO Offerta_Prodotto VALUES ('5261672851322', '410', 0.05);
INSERT INTO Offerta_Prodotto VALUES ('8689163198377', '368', 0.20);
INSERT INTO Offerta_Prodotto VALUES ('7569965644637', '316', 0.10);
INSERT INTO Offerta_Prodotto VALUES ('6636925343633', '641', 0.15);
INSERT INTO Offerta_Prodotto VALUES ('8893282530072', '463', 0.25);
INSERT INTO Offerta_Prodotto VALUES ('6331848499061', '807', 0.35);
INSERT INTO Offerta_Prodotto VALUES ('4279661395593', '181', 0.20);
INSERT INTO Offerta_Prodotto VALUES ('7759311300786', '174', 0.40);
INSERT INTO Offerta_Prodotto VALUES ('3845831951579', '399', 0.10);
INSERT INTO Offerta_Prodotto VALUES ('1763091652981', '125', 0.25);
INSERT INTO Offerta_Prodotto VALUES ('5849904171315', '400', 0.15);
INSERT INTO Offerta_Prodotto VALUES ('1802326769756', '844', 0.10);
INSERT INTO Offerta_Prodotto VALUES ('2227993193892', '539', 0.05);
INSERT INTO Offerta_Prodotto VALUES ('7656086480717', '866', 0.25);
INSERT INTO Offerta_Prodotto VALUES ('8959744137355', '174', 0.40);
INSERT INTO Offerta_Prodotto VALUES ('3905983422992', '399', 0.10);
INSERT INTO Offerta_Prodotto VALUES ('4005752908654', '737', 0.15);
INSERT INTO Offerta_Prodotto VALUES ('2574368316778', '400', 0.15);
INSERT INTO Offerta_Prodotto VALUES ('5874215310098', '844', 0.10);
INSERT INTO Offerta_Prodotto VALUES ('8442548626056', '539', 0.05);
INSERT INTO Offerta_Prodotto VALUES ('7246393676323', '866', 0.25);
-- OFFERTE PER CONSOLE
INSERT INTO Offerta_Prodotto VALUES ('7551569504789', '181', 0.20);
INSERT INTO Offerta_Prodotto VALUES ('8328677709326', '174', 0.40);
INSERT INTO Offerta_Prodotto VALUES ('8020873584468', '399', 0.10);
INSERT INTO Offerta_Prodotto VALUES ('5902515361535', '737', 0.15);
INSERT INTO Offerta_Prodotto VALUES ('3383053992374', '400', 0.15);
INSERT INTO Offerta_Prodotto VALUES ('2745997206278', '844', 0.10);
INSERT INTO Offerta_Prodotto VALUES ('4967864464771', '539', 0.05);
INSERT INTO Offerta_Prodotto VALUES ('5546466222023', '866', 0.25);
INSERT INTO Offerta_Prodotto VALUES ('4695129417494', '174', 0.40);
INSERT INTO Offerta_Prodotto VALUES ('3963478393918', '399', 0.10);
INSERT INTO Offerta_Prodotto VALUES ('1919615523081', '737', 0.15);
INSERT INTO Offerta_Prodotto VALUES ('5117654552206', '400', 0.15);
INSERT INTO Offerta_Prodotto VALUES ('5946997088647', '844', 0.10);
INSERT INTO Offerta_Prodotto VALUES ('7572733277975', '539', 0.05);
INSERT INTO Offerta_Prodotto VALUES ('4181906887663', '866', 0.25);
-- OFFERTE PER ACCESSORI
INSERT INTO Offerta_Prodotto VALUES ('3286046443005', '181', 0.20);
INSERT INTO Offerta_Prodotto VALUES ('2436541758173', '174', 0.40);
INSERT INTO Offerta_Prodotto VALUES ('4697876716421', '399', 0.10);
INSERT INTO Offerta_Prodotto VALUES ('7998211279748', '737', 0.15);
INSERT INTO Offerta_Prodotto VALUES ('4818043864696', '400', 0.15);
INSERT INTO Offerta_Prodotto VALUES ('5946084403818', '844', 0.10);
INSERT INTO Offerta_Prodotto VALUES ('8433307812551', '539', 0.05);
INSERT INTO Offerta_Prodotto VALUES ('3931877761221', '866', 0.25);
INSERT INTO Offerta_Prodotto VALUES ('3726977003226', '174', 0.40);
INSERT INTO Offerta_Prodotto VALUES ('7665257537924', '399', 0.10);
INSERT INTO Offerta_Prodotto VALUES ('4914406507066', '737', 0.15);
INSERT INTO Offerta_Prodotto VALUES ('7653894118883', '400', 0.15);
INSERT INTO Offerta_Prodotto VALUES ('7920684151328', '844', 0.10);
INSERT INTO Offerta_Prodotto VALUES ('9527052293741', '539', 0.05);
INSERT INTO Offerta_Prodotto VALUES ('8277809882409', '866', 0.25);


-- SCONTRINO PER VIDEOGIOCHI
INSERT INTO Scontrino_Prodotto VALUES ('015', DATE '2020-04-17', '3877265963667', 3);
INSERT INTO Scontrino_Prodotto VALUES ('145', DATE '2020-06-02', '5261672851322', 2);
INSERT INTO Scontrino_Prodotto VALUES ('425', DATE '2020-06-24', '8689163198377', 2);
INSERT INTO Scontrino_Prodotto VALUES ('100', DATE '2021-02-17', '7569965644637', 2);
INSERT INTO Scontrino_Prodotto VALUES ('001', DATE '2021-04-12', '6636925343633', 2);
INSERT INTO Scontrino_Prodotto VALUES ('102', DATE '2021-10-04', '8893282530072', 2);
INSERT INTO Scontrino_Prodotto VALUES ('253', DATE '2021-12-24', '6331848499061', 4);
INSERT INTO Scontrino_Prodotto VALUES ('197', DATE '2022-02-09', '4279661395593', 3);
INSERT INTO Scontrino_Prodotto VALUES ('173', DATE '2022-04-08', '7759311300786', 4);
INSERT INTO Scontrino_Prodotto VALUES ('142', DATE '2022-05-12', '3845831951579', 2);
INSERT INTO Scontrino_Prodotto VALUES ('075', DATE '2022-06-03', '1763091652981', 3);
INSERT INTO Scontrino_Prodotto VALUES ('275', DATE '2022-07-06', '5849904171315', 2);
INSERT INTO Scontrino_Prodotto VALUES ('175', DATE '2022-08-17', '1802326769756', 4);
INSERT INTO Scontrino_Prodotto VALUES ('045', DATE '2022-09-14', '2227993193892', 3);
INSERT INTO Scontrino_Prodotto VALUES ('111', DATE '2022-10-10', '7656086480717', 2);
INSERT INTO Scontrino_Prodotto VALUES ('173', DATE '2022-04-08', '8959744137355', 2);
INSERT INTO Scontrino_Prodotto VALUES ('142', DATE '2022-05-12', '3905983422992', 4);
INSERT INTO Scontrino_Prodotto VALUES ('075', DATE '2022-06-03', '4005752908654', 4);
INSERT INTO Scontrino_Prodotto VALUES ('275', DATE '2022-07-06', '2574368316778', 1);
INSERT INTO Scontrino_Prodotto VALUES ('175', DATE '2022-08-17', '5874215310098', 4);
INSERT INTO Scontrino_Prodotto VALUES ('045', DATE '2022-09-14', '8442548626056', 4);
INSERT INTO Scontrino_Prodotto VALUES ('111', DATE '2022-10-10', '7246393676323', 3);
INSERT INTO Scontrino_Prodotto VALUES ('111', DATE '2022-10-10', '9384183145257', 2);
INSERT INTO Scontrino_Prodotto VALUES ('275', DATE '2022-07-06', '3384181146228', 1);
INSERT INTO Scontrino_Prodotto VALUES ('100', DATE '2021-02-17', '8354113145213', 2);
INSERT INTO Scontrino_Prodotto VALUES ('015', DATE '2020-04-17', '2484183145325', 3);
-- SCONTRINO PER CONSOLE
INSERT INTO Scontrino_Prodotto VALUES ('015', DATE '2020-04-17', '7551569504789', 1);
INSERT INTO Scontrino_Prodotto VALUES ('145', DATE '2020-06-02', '8328677709326', 1);
INSERT INTO Scontrino_Prodotto VALUES ('425', DATE '2020-06-24', '8020873584468', 3);
INSERT INTO Scontrino_Prodotto VALUES ('100', DATE '2021-02-17', '5902515361535', 3);
INSERT INTO Scontrino_Prodotto VALUES ('001', DATE '2021-04-12', '3383053992374', 1);
INSERT INTO Scontrino_Prodotto VALUES ('102', DATE '2021-10-04', '2745997206278', 1);
INSERT INTO Scontrino_Prodotto VALUES ('253', DATE '2021-12-24', '4967864464771', 2);
INSERT INTO Scontrino_Prodotto VALUES ('197', DATE '2022-02-09', '5546466222023', 1);
INSERT INTO Scontrino_Prodotto VALUES ('173', DATE '2022-04-08', '4695129417494', 2);
INSERT INTO Scontrino_Prodotto VALUES ('142', DATE '2022-05-12', '3963478393918', 2);
INSERT INTO Scontrino_Prodotto VALUES ('075', DATE '2022-06-03', '1919615523081', 3);
INSERT INTO Scontrino_Prodotto VALUES ('275', DATE '2022-07-06', '5117654552206', 4);
INSERT INTO Scontrino_Prodotto VALUES ('175', DATE '2022-08-17', '5946997088647', 2);
INSERT INTO Scontrino_Prodotto VALUES ('045', DATE '2022-09-14', '7572733277975', 1);
INSERT INTO Scontrino_Prodotto VALUES ('111', DATE '2022-10-10', '4181906887663', 1);

INSERT INTO Scontrino_Prodotto VALUES ('591', DATE '2020-08-11', '1919615523081', 3);
INSERT INTO Scontrino_Prodotto VALUES ('402', DATE '2021-01-27', '4967864464771', 2);
INSERT INTO Scontrino_Prodotto VALUES ('339', DATE '2021-02-05', '5946997088647', 3);
INSERT INTO Scontrino_Prodotto VALUES ('352', DATE '2021-04-09', '8020873584468', 1);
INSERT INTO Scontrino_Prodotto VALUES ('468', DATE '2021-05-07', '7551569504789', 2);
INSERT INTO Scontrino_Prodotto VALUES ('908', DATE '2021-06-11', '4695129417494', 3);
INSERT INTO Scontrino_Prodotto VALUES ('159', DATE '2021-08-06', '7572733277975', 4);
INSERT INTO Scontrino_Prodotto VALUES ('459', DATE '2022-03-09', '8328677709326', 3);
INSERT INTO Scontrino_Prodotto VALUES ('118', DATE '2022-03-21', '4181906887663', 2);
INSERT INTO Scontrino_Prodotto VALUES ('423', DATE '2022-06-07', '5546466222023', 3);
INSERT INTO Scontrino_Prodotto VALUES ('882', DATE '2022-08-05', '5902515361535', 3);
INSERT INTO Scontrino_Prodotto VALUES ('413', DATE '2022-08-30', '2745997206278', 1);
INSERT INTO Scontrino_Prodotto VALUES ('490', DATE '2022-10-20', '3963478393918', 2);
INSERT INTO Scontrino_Prodotto VALUES ('736', DATE '2022-10-26', '3383053992374', 2);
--INSERT INTO Scontrino_Prodotto VALUES ('674', DATE '2022-11-11', '5117654552206', 3);
-- SCONTRINO PER ACCESSORI
INSERT INTO Scontrino_Prodotto VALUES ('015', DATE '2020-04-17', '3286046443005', 4);
INSERT INTO Scontrino_Prodotto VALUES ('145', DATE '2020-06-02', '2436541758173', 1);
INSERT INTO Scontrino_Prodotto VALUES ('425', DATE '2020-06-24', '4697876716421', 5);
INSERT INTO Scontrino_Prodotto VALUES ('100', DATE '2021-02-17', '7998211279748', 4);
INSERT INTO Scontrino_Prodotto VALUES ('001', DATE '2021-04-12', '4818043864696', 1);
INSERT INTO Scontrino_Prodotto VALUES ('102', DATE '2021-10-04', '5946084403818', 1);
INSERT INTO Scontrino_Prodotto VALUES ('253', DATE '2021-12-24', '8433307812551', 5);
INSERT INTO Scontrino_Prodotto VALUES ('197', DATE '2022-02-09', '3931877761221', 5);
INSERT INTO Scontrino_Prodotto VALUES ('173', DATE '2022-04-08', '3726977003226', 5);
INSERT INTO Scontrino_Prodotto VALUES ('142', DATE '2022-05-12', '7665257537924', 1);
INSERT INTO Scontrino_Prodotto VALUES ('075', DATE '2022-06-03', '4914406507066', 2);
INSERT INTO Scontrino_Prodotto VALUES ('275', DATE '2022-07-06', '7653894118883', 2);
INSERT INTO Scontrino_Prodotto VALUES ('175', DATE '2022-08-17', '7920684151328', 5);
INSERT INTO Scontrino_Prodotto VALUES ('045', DATE '2022-09-14', '9527052293741', 2);
INSERT INTO Scontrino_Prodotto VALUES ('111', DATE '2022-10-10', '8277809882409', 5);

-- Bisogna creare giochi per le console mancanti,
-- Aggiungere gli ultimi due giochi per Wii U negli scontrini (scontrino_prodotto)
INSERT INTO Videogioco VALUES ('Nintendo Switch', '3877265963667');
INSERT INTO Videogioco VALUES ('PlayStation 5', '5261672851322');
INSERT INTO Videogioco VALUES ('PlayStation 4', '8689163198377');
INSERT INTO Videogioco VALUES ('PlayStation 5', '7569965644637');
INSERT INTO Videogioco VALUES ('PlayStation 4', '6636925343633');
INSERT INTO Videogioco VALUES ('PC', '8893282530072');
INSERT INTO Videogioco VALUES ('Nintendo 3DS', '6331848499061');
INSERT INTO Videogioco VALUES ('PlayStation 5', '4279661395593');
INSERT INTO Videogioco VALUES ('XBox Series X', '7759311300786');
INSERT INTO Videogioco VALUES ('PlayStation 5', '3845831951579');
INSERT INTO Videogioco VALUES ('PlayStation 4', '1763091652981');
INSERT INTO Videogioco VALUES ('Nintendo Switch', '5849904171315');
INSERT INTO Videogioco VALUES ('PC', '1802326769756');
INSERT INTO Videogioco VALUES ('Nintendo Switch', '2227993193892');
INSERT INTO Videogioco VALUES ('Nintendo 3DS', '7656086480717');
INSERT INTO Videogioco VALUES ('PlayStation 5', '8959744137355');
INSERT INTO Videogioco VALUES ('PlayStation 4', '3905983422992');
INSERT INTO Videogioco VALUES ('PC', '4005752908654');
INSERT INTO Videogioco VALUES ('XBox One', '2574368316778');
INSERT INTO Videogioco VALUES ('PlayStation 4', '5874215310098');
INSERT INTO Videogioco VALUES ('PlayStation 4', '8442548626056');
INSERT INTO Videogioco VALUES ('PlayStation 5', '7246393676323');
INSERT INTO Videogioco VALUES ('Wii U', '6146393626523'); 
INSERT INTO Videogioco VALUES ('Wii U', '8946394676123');
INSERT INTO Videogioco VALUES ('XBox Series X', '9384183145257');
INSERT INTO Videogioco VALUES ('XBox Series S', '3384181146228');
INSERT INTO Videogioco VALUES ('XBox Series S', '8354113145213');
INSERT INTO Videogioco VALUES ('XBox One', '2484183145325');

INSERT INTO Console VALUES ('126 GB', '7551569504789');
INSERT INTO Console VALUES ('500 GB', '8328677709326');
INSERT INTO Console VALUES ('1 TB', '8020873584468');
INSERT INTO Console VALUES ('126 GB', '5902515361535');
INSERT INTO Console VALUES ('126 GB', '3383053992374');
INSERT INTO Console VALUES ('500 GB', '2745997206278');
INSERT INTO Console VALUES ('2 TB', '4967864464771');
INSERT INTO Console VALUES ('1 TB', '5546466222023');
INSERT INTO Console VALUES ('265 GB', '4695129417494');
INSERT INTO Console VALUES ('126 GB', '3963478393918');
INSERT INTO Console VALUES ('256 GB', '1919615523081');
INSERT INTO Console VALUES ('256 GB', '5117654552206');
INSERT INTO Console VALUES ('1 TB', '5946997088647');
INSERT INTO Console VALUES ('500 GB', '7572733277975');
INSERT INTO Console VALUES ('126 GB', '4181906887663');

INSERT INTO Accessorio VALUES ('PlayStation 5', NULL, NULL, '3286046443005');
INSERT INTO Accessorio VALUES ('PlayStation 5', NULL, NULL, '2436541758173');
INSERT INTO Accessorio VALUES ('Playstation 5', 'PlayStation 4', 'PC', '4697876716421');
INSERT INTO Accessorio VALUES ('Nintendo Switch', NULL, NULL, '7998211279748');
INSERT INTO Accessorio VALUES ('Nintendo Switch', NULL, NULL, '4818043864696');
INSERT INTO Accessorio VALUES ('Nintendo Switch', NULL, NULL, '5946084403818');
INSERT INTO Accessorio VALUES ('PC', 'PlayStation 5', 'XBox', '8433307812551');
INSERT INTO Accessorio VALUES ('PC', 'PlayStation 5', 'XBox', '3931877761221');
INSERT INTO Accessorio VALUES ('XBox', 'PC', NULL, '3726977003226');
INSERT INTO Accessorio VALUES ('XBox', 'PC', NULL, '7665257537924');
INSERT INTO Accessorio VALUES ('XBox', NULL, NULL, '4914406507066');
INSERT INTO Accessorio VALUES ('XBox', 'PC', NULL, '7653894118883');
INSERT INTO Accessorio VALUES ('XBox', 'PC', NULL, '7920684151328');
INSERT INTO Accessorio VALUES ('Nintendo Switch', NULL, NULL, '9527052293741');
INSERT INTO Accessorio VALUES ('Nintendo Switch', NULL, NULL, '8277809882409');


INSERT INTO Fornitore VALUES ('90264687962', 'photographoie', 'photographoie@gmail.com', '+353894060424');
INSERT INTO Fornitore VALUES ('38690894449', 'outbreakoiedo', 'outbreakoiedo@outlook.com', '+358414976066');
INSERT INTO Fornitore VALUES ('15004158468', 'airtightssket', 'airtightssket@live.com', '+18253050685');
INSERT INTO Fornitore VALUES ('91289955367', 'weldinggazpac', 'weldinggazpac@yahoo.com', '+77474070236');
INSERT INTO Fornitore VALUES ('17165219947', 'huedockinggum', 'huedockinggum@gmail.com', '+37378225275');
INSERT INTO Fornitore VALUES ('41884114528', 'friseepavilio', 'friseepavilio@outlook.com', '+4759444605');
INSERT INTO Fornitore VALUES ('62015085528', 'proportionyea', 'proportionyea@live.com', '+212652877871');
INSERT INTO Fornitore VALUES ('56441262398', 'homeothermicc', 'homeothermicc@yahoo.com', '+959457796397');
INSERT INTO Fornitore VALUES ('50613744343', 'elevationsuga', 'elevationsuga@gmail.com', '+40734897154');
INSERT INTO Fornitore VALUES ('83692961491', 'improvisation', 'improvisation@gmail.com', '+37068977922');
INSERT INTO Fornitore VALUES ('73442221108', 'foldhardboard', 'foldhardboard@gmail.com', '+601161466122');
INSERT INTO Fornitore VALUES ('96371977022', 'pointillismcu', 'pointillismcu@gmail.com', '+31630183604');
INSERT INTO Fornitore VALUES ('34217892189', 'huecarbohydra', 'huecarbohydra@gmail.com', '+528184713166');
INSERT INTO Fornitore VALUES ('67382948785', 'meltdacquoise', 'meltdacquoise@gmail.com', '+351910602928');
INSERT INTO Fornitore VALUES ('88479777451', 'rarefactionso', 'rarefactionso@gmail.com', '+37126109368');


INSERT INTO Corriere VALUES ('37883995709', 'Poste Italiane');
INSERT INTO Corriere VALUES ('20161060504', 'UPS');
INSERT INTO Corriere VALUES ('89615695713', 'DHL');
INSERT INTO Corriere VALUES ('39727028431', 'SDA');
INSERT INTO Corriere VALUES ('72216746040', 'Bartolini');
INSERT INTO Corriere VALUES ('71082936092', 'GLS');
INSERT INTO Corriere VALUES ('92906577636', 'TNT');
INSERT INTO Corriere VALUES ('90339372094', 'Nexive');
INSERT INTO Corriere VALUES ('11201360185', 'BRT');
INSERT INTO Corriere VALUES ('50910133102', 'FedEx');
INSERT INTO Corriere VALUES ('31334834307', 'UPM');
INSERT INTO Corriere VALUES ('50432359323', 'DST');
INSERT INTO Corriere VALUES ('17334521562', 'TAL');
INSERT INTO Corriere VALUES ('91695775671', 'PNC');
INSERT INTO Corriere VALUES ('32100490558', 'NPM');


INSERT INTO CaricoMerce VALUES ('VuahC', 'Eby7T13OMDYF2AUafp', DATE '2020-09-23', DATE '2020-09-28', '90264687962', '37883995709');
INSERT INTO CaricoMerce VALUES ('q9lnB', '9K0Fqa5jxfSLTcvJh5', DATE '2021-02-17', DATE '2021-02-22', '38690894449', '20161060504');
INSERT INTO CaricoMerce VALUES ('ChV2W', 'O6UyGapV3EKB3qAexq', DATE '2021-02-25', DATE '2021-02-21', '15004158468', '89615695713');
INSERT INTO CaricoMerce VALUES ('ps3bv', 'jJ7RMV2LYbmaq6gF5u', DATE '2021-04-07', DATE '2021-04-12', '91289955367', '39727028431');
INSERT INTO CaricoMerce VALUES ('wRoB5', 'Dlic6NAPLlB00Ts1XD', DATE '2021-10-11', DATE '2021-10-18', '17165219947', '72216746040');
INSERT INTO CaricoMerce VALUES ('SvBhL', 'mBLEFDmW2h91r5QNib', DATE '2021-11-12', DATE '2021-11-17', '41884114528', '71082936092');
INSERT INTO CaricoMerce VALUES ('EAsYE', 'nShLsSH8Oag1fcHxFU', DATE '2021-11-23', DATE '2021-11-29', '62015085528', '92906577636');
INSERT INTO CaricoMerce VALUES ('GrQjf', 'yMrX4Z4hmnLNx0LCyt', DATE '2021-11-30', DATE '2021-12-06', '56441262398', '90339372094');
INSERT INTO CaricoMerce VALUES ('edy2i', 'SYrB33nJYfYogAzNOm', DATE '2022-01-11', DATE '2022-01-18', '50613744343', '11201360185');
INSERT INTO CaricoMerce VALUES ('TFA5G', '51KdAXwaYuimG342Ie', DATE '2022-02-02', DATE '2022-02-09', '83692961491', '50910133102');
INSERT INTO CaricoMerce VALUES ('Fbsck', 'jMo0XigC4QGvapTBIm', DATE '2022-03-04', DATE '2022-03-09', '73442221108', '31334834307');
INSERT INTO CaricoMerce VALUES ('Ef218', 'TutEtSg6JKWM5sLXiF', DATE '2022-03-17', DATE '2022-03-19', '96371977022', '50432359323');
INSERT INTO CaricoMerce VALUES ('0v45N', 'LzWiPZDpYaVt2jwkdA', DATE '2022-04-12', DATE '2022-04-18', '34217892189', '17334521562');
INSERT INTO CaricoMerce VALUES ('LdcL4', '5OIFyEHFoGeSBsV6FQ', DATE '2022-04-14', DATE '2022-04-19', '67382948785', '91695775671');
INSERT INTO CaricoMerce VALUES ('X9YrY', 'meQ8eak059sCsEub1M', DATE '2022-07-25', DATE '2022-07-28', '88479777451', '32100490558');


-- VIDEOGIOCHI
INSERT INTO CaricoMerce_Prodotto VALUES ('VuahC', '3877265963667', 40, 17);
INSERT INTO CaricoMerce_Prodotto VALUES ('q9lnB', '5261672851322', 50, 55);
INSERT INTO CaricoMerce_Prodotto VALUES ('ChV2W', '8689163198377', 50, 65);
INSERT INTO CaricoMerce_Prodotto VALUES ('ps3bv', '7569965644637', 50, 50);
INSERT INTO CaricoMerce_Prodotto VALUES ('wRoB5', '6636925343633', 45, 30);
INSERT INTO CaricoMerce_Prodotto VALUES ('SvBhL', '8893282530072', 2, 15);
INSERT INTO CaricoMerce_Prodotto VALUES ('EAsYE', '6331848499061', 45, 35);
INSERT INTO CaricoMerce_Prodotto VALUES ('GrQjf', '4279661395593', 60, 74);
INSERT INTO CaricoMerce_Prodotto VALUES ('edy2i', '7759311300786', 40, 54);
INSERT INTO CaricoMerce_Prodotto VALUES ('TFA5G', '3845831951579', 30, 20);
INSERT INTO CaricoMerce_Prodotto VALUES ('Fbsck', '1763091652981', 10, 31);
INSERT INTO CaricoMerce_Prodotto VALUES ('Ef218', '5849904171315', 35, 79);
INSERT INTO CaricoMerce_Prodotto VALUES ('0v45N', '1802326769756', 10, 27);
INSERT INTO CaricoMerce_Prodotto VALUES ('LdcL4', '2227993193892', 20, 46);
INSERT INTO CaricoMerce_Prodotto VALUES ('X9YrY', '7656086480717', 20, 36);
INSERT INTO CaricoMerce_Prodotto VALUES ('edy2i', '8959744137355', 35, 44);
INSERT INTO CaricoMerce_Prodotto VALUES ('TFA5G', '3905983422992', 10, 89);
INSERT INTO CaricoMerce_Prodotto VALUES ('Fbsck', '4005752908654', 35, 26);
INSERT INTO CaricoMerce_Prodotto VALUES ('Ef218', '2574368316778', 8, 17);
INSERT INTO CaricoMerce_Prodotto VALUES ('0v45N', '5874215310098', 45, 97);
INSERT INTO CaricoMerce_Prodotto VALUES ('LdcL4', '8442548626056', 47, 59);
INSERT INTO CaricoMerce_Prodotto VALUES ('X9YrY', '7246393676323', 55, 18);
INSERT INTO CaricoMerce_Prodotto VALUES ('Ef218', '1763091652981', 13, 81);
INSERT INTO CaricoMerce_Prodotto VALUES ('X9YrY', '8689163198377', 40, 83);
INSERT INTO CaricoMerce_Prodotto VALUES ('LdcL4', '3877265963667', 50, 88);
INSERT INTO CaricoMerce_Prodotto VALUES ('TFA5G', '7569965644637', 45, 29);
INSERT INTO CaricoMerce_Prodotto VALUES ('TFA5G', '3845831951579', 40, 21);
INSERT INTO CaricoMerce_Prodotto VALUES ('ps3bv', '6636925343633', 47, 76);
INSERT INTO CaricoMerce_Prodotto VALUES ('ChV2W', '5874215310098', 50, 89);
INSERT INTO CaricoMerce_Prodotto VALUES ('GrQjf', '6331848499061', 50, 80);
INSERT INTO CaricoMerce_Prodotto VALUES ('edy2i', '4279661395593', 50, 24);
INSERT INTO CaricoMerce_Prodotto VALUES ('SvBhL', '7656086480717', 20, 28);
INSERT INTO CaricoMerce_Prodotto VALUES ('wRoB5', '2227993193892', 10, 81);
INSERT INTO CaricoMerce_Prodotto VALUES ('VuahC', '5261672851322', 45, 80);
INSERT INTO CaricoMerce_Prodotto VALUES ('EAsYE', '8959744137355', 20, 22);
INSERT INTO CaricoMerce_Prodotto VALUES ('0v45N', '8893282530072', 4, 79);
INSERT INTO CaricoMerce_Prodotto VALUES ('edy2i', '7246393676323', 45, 93);
INSERT INTO CaricoMerce_Prodotto VALUES ('Ef218', '7759311300786', 35, 81);
INSERT INTO CaricoMerce_Prodotto VALUES ('Fbsck', '4005752908654', 40, 69);
INSERT INTO CaricoMerce_Prodotto VALUES ('q9lnB', '2574368316778', 5, 18);
INSERT INTO CaricoMerce_Prodotto VALUES ('0v45N', '8442548626056', 45, 70);
INSERT INTO CaricoMerce_Prodotto VALUES ('LdcL4', '1802326769756', 5, 57);
INSERT INTO CaricoMerce_Prodotto VALUES ('X9YrY', '5849904171315', 37, 97);
INSERT INTO CaricoMerce_Prodotto VALUES ('Fbsck', '3905983422992', 8, 74);
-- CONSOLE
INSERT INTO CaricoMerce_Prodotto VALUES ('VuahC', '7551569504789', 350, 85);
INSERT INTO CaricoMerce_Prodotto VALUES ('q9lnB', '8328677709326', 250, 55);
INSERT INTO CaricoMerce_Prodotto VALUES ('ChV2W', '8020873584468', 280, 63);
INSERT INTO CaricoMerce_Prodotto VALUES ('ps3bv', '5902515361535', 300, 71);
INSERT INTO CaricoMerce_Prodotto VALUES ('wRoB5', '3383053992374', 380, 12);
INSERT INTO CaricoMerce_Prodotto VALUES ('SvBhL', '2745997206278', 230, 47);
INSERT INTO CaricoMerce_Prodotto VALUES ('EAsYE', '4967864464771', 170, 90);
INSERT INTO CaricoMerce_Prodotto VALUES ('GrQjf', '5546466222023', 130, 77);
INSERT INTO CaricoMerce_Prodotto VALUES ('edy2i', '4695129417494', 170, 57);
INSERT INTO CaricoMerce_Prodotto VALUES ('TFA5G', '3963478393918', 100, 82);
INSERT INTO CaricoMerce_Prodotto VALUES ('Fbsck', '1919615523081', 70, 84);
INSERT INTO CaricoMerce_Prodotto VALUES ('Ef218', '5117654552206', 50, 64);
INSERT INTO CaricoMerce_Prodotto VALUES ('0v45N', '5946997088647', 55, 98);
INSERT INTO CaricoMerce_Prodotto VALUES ('LdcL4', '7572733277975', 135, 26);
INSERT INTO CaricoMerce_Prodotto VALUES ('X9YrY', '4181906887663', 70, 81);
INSERT INTO CaricoMerce_Prodotto VALUES ('TFA5G', '7551569504789', 370, 86);
INSERT INTO CaricoMerce_Prodotto VALUES ('0v45N', '7572733277975', 120, 73);
INSERT INTO CaricoMerce_Prodotto VALUES ('LdcL4', '3963478393918', 120, 28);
INSERT INTO CaricoMerce_Prodotto VALUES ('VuahC', '5546466222023', 140, 82);
INSERT INTO CaricoMerce_Prodotto VALUES ('wRoB5', '3383053992374', 350, 76);
INSERT INTO CaricoMerce_Prodotto VALUES ('SvBhL', '8328677709326', 230, 90);
INSERT INTO CaricoMerce_Prodotto VALUES ('edy2i', '5117654552206', 40, 24);
INSERT INTO CaricoMerce_Prodotto VALUES ('X9YrY', '4695129417494', 130, 61);
INSERT INTO CaricoMerce_Prodotto VALUES ('Fbsck', '4181906887663', 60, 48);
INSERT INTO CaricoMerce_Prodotto VALUES ('EAsYE', '2745997206278', 240, 11);
INSERT INTO CaricoMerce_Prodotto VALUES ('q9lnB', '8020873584468', 270, 57);
INSERT INTO CaricoMerce_Prodotto VALUES ('ps3bv', '5902515361535', 250, 99);
INSERT INTO CaricoMerce_Prodotto VALUES ('Ef218', '4967864464771', 185, 17);
INSERT INTO CaricoMerce_Prodotto VALUES ('GrQjf', '1919615523081', 65, 20);
INSERT INTO CaricoMerce_Prodotto VALUES ('ChV2W', '5946997088647', 50, 40);
-- ACCESSORI
INSERT INTO CaricoMerce_Prodotto VALUES ('VuahC', '3286046443005', 50,  22);
INSERT INTO CaricoMerce_Prodotto VALUES ('q9lnB', '2436541758173', 25,  28);
INSERT INTO CaricoMerce_Prodotto VALUES ('ChV2W', '4697876716421', 50,  41);
INSERT INTO CaricoMerce_Prodotto VALUES ('ps3bv', '7998211279748', 30,  75);
INSERT INTO CaricoMerce_Prodotto VALUES ('wRoB5', '4818043864696', 10,  60);
INSERT INTO CaricoMerce_Prodotto VALUES ('SvBhL', '5946084403818', 10,  26);
INSERT INTO CaricoMerce_Prodotto VALUES ('EAsYE', '8433307812551', 100, 57);
INSERT INTO CaricoMerce_Prodotto VALUES ('GrQjf', '3931877761221', 120, 30);
INSERT INTO CaricoMerce_Prodotto VALUES ('edy2i', '3726977003226', 120, 96);
INSERT INTO CaricoMerce_Prodotto VALUES ('TFA5G', '7665257537924', 50,  56);
INSERT INTO CaricoMerce_Prodotto VALUES ('Fbsck', '4914406507066', 55,  33);
INSERT INTO CaricoMerce_Prodotto VALUES ('Ef218', '7653894118883', 10,  53);
INSERT INTO CaricoMerce_Prodotto VALUES ('0v45N', '7920684151328', 70,  48);
INSERT INTO CaricoMerce_Prodotto VALUES ('LdcL4', '9527052293741', 35,  76);
INSERT INTO CaricoMerce_Prodotto VALUES ('X9YrY', '8277809882409', 2,   69);
INSERT INTO CaricoMerce_Prodotto VALUES ('0v45N', '4818043864696', 8, 77);
INSERT INTO CaricoMerce_Prodotto VALUES ('GrQjf', '7998211279748', 27, 47);
INSERT INTO CaricoMerce_Prodotto VALUES ('EAsYE', '8277809882409', 4, 88);
INSERT INTO CaricoMerce_Prodotto VALUES ('VuahC', '4914406507066', 50, 99);
INSERT INTO CaricoMerce_Prodotto VALUES ('TFA5G', '2436541758173', 20, 72);
INSERT INTO CaricoMerce_Prodotto VALUES ('ChV2W', '7665257537924', 55, 93);
INSERT INTO CaricoMerce_Prodotto VALUES ('SvBhL', '8433307812551', 110, 53);
INSERT INTO CaricoMerce_Prodotto VALUES ('edy2i', '3726977003226', 110, 84);
INSERT INTO CaricoMerce_Prodotto VALUES ('q9lnB', '3286046443005', 25, 61);
INSERT INTO CaricoMerce_Prodotto VALUES ('Fbsck', '9527052293741', 40, 94);
INSERT INTO CaricoMerce_Prodotto VALUES ('X9YrY', '5946084403818', 15, 39);
INSERT INTO CaricoMerce_Prodotto VALUES ('ps3bv', '7920684151328', 60, 89);
INSERT INTO CaricoMerce_Prodotto VALUES ('LdcL4', '7653894118883', 15, 61);
INSERT INTO CaricoMerce_Prodotto VALUES ('wRoB5', '4697876716421', 45, 48);
INSERT INTO CaricoMerce_Prodotto VALUES ('Ef218', '3931877761221', 125, 53);