-- fare il check per la lunghezza minima della password

INSERT INTO Credenziali VALUES ('umberto.testa', '&Ts5Y*VJmL2o');
INSERT INTO Credenziali VALUES ('doriana.bianchi', '3TVnpjQ&BGlo');
INSERT INTO Credenziali VALUES ('marina.ferrara', 'mBn#s6X%RSiq');
INSERT INTO Credenziali VALUES ('sesto.caputo', 'x&K@jzRLf*pz');
INSERT INTO Credenziali VALUES ('nicoletta.monti', '%OZIC!AZANsg');
INSERT INTO Credenziali VALUES ('osea.martini', 'SkRY#FHsH6tO');
INSERT INTO Credenziali VALUES ('gelsomina.sala', 'EliSY!zGicA^');
INSERT INTO Credenziali VALUES ('alberto.gentile', 'ZhI5c6eRY^c6');
INSERT INTO Credenziali VALUES ('eufemia.marchetti', 'AgU6v7rTU?b2');
INSERT INTO Credenziali VALUES ('mario.rossi', 'Bk!U^n5%*uxu');
INSERT INTO Credenziali VALUES ('giuseppe.verde', '9Wh9Pe#1GsXh');
INSERT INTO Credenziali VALUES ('maria.mazzini', 'W$lXkQrA*VNt');
INSERT INTO Credenziali VALUES ('marta.porzio', 'lJ*yquH$fLBk');


INSERT INTO Dipendente VALUES ('DUESAF55F52N289W', 'Umberto', 'Testa', DATE '1980-06-15', 'Via Emidio', '00189', 'Roma', 'umberto.testa', 'Cassiere');
INSERT INTO Dipendente VALUES ('KZLGDK32P62O335T', 'Doriana', 'Bianchi', DATE '1988-09-16', 'Piazza Eriberto', '22100', 'Como', 'doriana.bianchi', 'Cassiere');
INSERT INTO Dipendente VALUES ('KQWMYW14M46T912E', 'Giacinto', 'Montanari', DATE '1974-01-06', 'Via Napoli', '23900', 'Lecco', NULL, 'Scaffalista');
INSERT INTO Dipendente VALUES ('TYITHI81H72P241J', 'Alighieri', 'Gallo', DATE '1995-12-10', 'Via Cirino', '80126', 'Napoli', NULL, 'Scaffalista');
INSERT INTO Dipendente VALUES ('JQYGGW73B53M696N', 'Santo', 'Lombardo', DATE '2000-01-03', 'Via Karim', '94100', 'Enna', NULL, 'Scaffalista');
INSERT INTO Dipendente VALUES ('PUVLVZ97F09R237B', 'Marina', 'Ferrara', DATE '1976-02-11', 'Via Martini', '12100', 'Cuneo', 'marina.ferrara', 'Cassiere');
INSERT INTO Dipendente VALUES ('YFBLRF48O55Z048M', 'Sesto', 'Caputo', DATE '1986-02-11', 'Via Miriana', '06127', 'Perugia', 'sesto.caputo', 'Cassiere');
INSERT INTO Dipendente VALUES ('UWWKVF45W14S828U', 'Cleopatra', 'Amato', DATE '1990-11-23', 'Via Carmelo', '53100', 'Siena', NULL, 'Scaffalista');
INSERT INTO Dipendente VALUES ('HCOWJZ02T47V573F', 'Germano', 'Damico', DATE '1992-10-04', 'Via Silvestri', '80126', 'Napoli', NULL, 'Scaffalista');
INSERT INTO Dipendente VALUES ('GZTZTI69R80D542D', 'Nicoletta', 'Monti', DATE '1996-09-08', 'Via Roma', '38122', 'Trento', 'nicoletta.monti', 'Cassiere');
INSERT INTO Dipendente VALUES ('UXETBB25N85F898Y', 'Osea', 'Martini', DATE '1960-06-15', 'Via Piererminio', '46100', 'Mantova', 'osea.martini', 'Amministratore');
INSERT INTO Dipendente VALUES ('SCLOHS15F88Z768W', 'Gelsomina', 'Sala', DATE '1995-02-20', 'Via Parisi', '57122', 'Livorno', 'gelsomina.sala', 'Cassiere');
INSERT INTO Dipendente VALUES ('ZMHTFC56S72T119B', 'Umberto', 'Russo', DATE '2000-12-20', 'Via Eustacchio', '07026', 'Olbia', NULL, 'Scaffalista');
INSERT INTO Dipendente VALUES ('PKVEXQ30A01Z162C', 'Siro', 'Santoro', DATE '1982-10-11', 'Via Martino', '35127', 'Padova', NULL, 'Scaffalista');
INSERT INTO Dipendente VALUES ('DPZOCJ48G58T201C', 'Alberto', 'Gentile', DATE '1970-01-18', 'Piazza Gilda', '31100', 'Treviso', 'alberto.gentile', 'Cassiere');
INSERT INTO Dipendente VALUES ('HBGVQP27H84A198C', 'Eufemia', 'Marchetti', DATE '2003-02-20', 'Via Verde', '57122', 'Livorno', 'eufemia.marchetti', 'Magazziniere');
INSERT INTO Dipendente VALUES ('CJCTBV03C75B257C', 'Mario', 'Rossi', DATE '2001-07-21', 'Via Niccolò', '35127', 'Padova', 'mario.rossi', 'Magazziniere');
INSERT INTO Dipendente VALUES ('RKNIVQ17Q56K462W', 'Giuseppe', 'Verde', DATE '2002-04-25', 'Via Rizzo', '53100', 'Siena', 'giuseppe.verde', 'Magazziniere');
INSERT INTO Dipendente VALUES ('JHMDHM13R67X714P', 'Maria', 'Mazzini', DATE '2000-09-15', 'Via Liberti', '38122', 'Trento', 'maria.mazzini', 'Magazziniere');
INSERT INTO Dipendente VALUES ('DOSLHP83T20C898N', 'Marta', 'Porzio', DATE '1999-01-05', 'Via Tinckel', '06127', 'Perugia', 'marta.porzio', 'Magazziniere');



INSERT INTO Presenza VALUES (TO_TIMESTAMP('2021-07-21 09:00:00', 'YYYY-MM-DD HH24:MI:SS'), TO_TIMESTAMP('2021-07-21 18:00:00', 'YYYY-MM-DD HH24:MI:SS'), 'DUESAF55F52N289W');
INSERT INTO Presenza VALUES (TO_TIMESTAMP('2021-08-23 09:00:00', 'YYYY-MM-DD HH24:MI:SS'), TO_TIMESTAMP('2021-08-23 18:00:00', 'YYYY-MM-DD HH24:MI:SS'), 'DUESAF55F52N289W');
INSERT INTO Presenza VALUES (TO_TIMESTAMP('2021-09-08 09:00:00', 'YYYY-MM-DD HH24:MI:SS'), TO_TIMESTAMP('2021-09-08 18:00:00', 'YYYY-MM-DD HH24:MI:SS'), 'DUESAF55F52N289W');
INSERT INTO Presenza VALUES (TO_TIMESTAMP('2021-11-01 09:00:00', 'YYYY-MM-DD HH24:MI:SS'), TO_TIMESTAMP('2021-11-01 18:00:00', 'YYYY-MM-DD HH24:MI:SS'), 'KZLGDK32P62O335T');
INSERT INTO Presenza VALUES (TO_TIMESTAMP('2021-11-02 09:00:00', 'YYYY-MM-DD HH24:MI:SS'), TO_TIMESTAMP('2021-11-02 18:00:00', 'YYYY-MM-DD HH24:MI:SS'), 'KZLGDK32P62O335T');
INSERT INTO Presenza VALUES (TO_TIMESTAMP('2021-11-05 09:00:00', 'YYYY-MM-DD HH24:MI:SS'), TO_TIMESTAMP('2021-11-05 18:00:00', 'YYYY-MM-DD HH24:MI:SS'), 'KZLGDK32P62O335T');
INSERT INTO Presenza VALUES (TO_TIMESTAMP('2021-12-29 09:00:00', 'YYYY-MM-DD HH24:MI:SS'), TO_TIMESTAMP('2021-12-29 18:00:00', 'YYYY-MM-DD HH24:MI:SS'), 'KQWMYW14M46T912E');
INSERT INTO Presenza VALUES (TO_TIMESTAMP('2022-01-10 09:00:00', 'YYYY-MM-DD HH24:MI:SS'), TO_TIMESTAMP('2022-01-10 18:00:00', 'YYYY-MM-DD HH24:MI:SS'), 'KQWMYW14M46T912E');
INSERT INTO Presenza VALUES (TO_TIMESTAMP('2022-02-03 09:00:00', 'YYYY-MM-DD HH24:MI:SS'), TO_TIMESTAMP('2022-02-03 18:00:00', 'YYYY-MM-DD HH24:MI:SS'), 'KQWMYW14M46T912E');
INSERT INTO Presenza VALUES (TO_TIMESTAMP('2022-02-16 09:00:00', 'YYYY-MM-DD HH24:MI:SS'), TO_TIMESTAMP('2022-02-16 18:00:00', 'YYYY-MM-DD HH24:MI:SS'), 'TYITHI81H72P241J');
INSERT INTO Presenza VALUES (TO_TIMESTAMP('2022-02-23 09:00:00', 'YYYY-MM-DD HH24:MI:SS'), TO_TIMESTAMP('2022-02-23 18:00:00', 'YYYY-MM-DD HH24:MI:SS'), 'TYITHI81H72P241J');
INSERT INTO Presenza VALUES (TO_TIMESTAMP('2022-03-14 09:00:00', 'YYYY-MM-DD HH24:MI:SS'), TO_TIMESTAMP('2022-03-14 18:00:00', 'YYYY-MM-DD HH24:MI:SS'), 'TYITHI81H72P241J');
INSERT INTO Presenza VALUES (TO_TIMESTAMP('2022-03-16 09:00:00', 'YYYY-MM-DD HH24:MI:SS'), TO_TIMESTAMP('2022-03-16 18:00:00', 'YYYY-MM-DD HH24:MI:SS'), 'JQYGGW73B53M696N');
INSERT INTO Presenza VALUES (TO_TIMESTAMP('2022-04-29 09:00:00', 'YYYY-MM-DD HH24:MI:SS'), TO_TIMESTAMP('2022-04-29 18:00:00', 'YYYY-MM-DD HH24:MI:SS'), 'JQYGGW73B53M696N');
INSERT INTO Presenza VALUES (TO_TIMESTAMP('2022-06-06 09:00:00', 'YYYY-MM-DD HH24:MI:SS'), TO_TIMESTAMP('2022-06-06 18:00:00', 'YYYY-MM-DD HH24:MI:SS'), 'JQYGGW73B53M696N');
INSERT INTO Presenza VALUES (TO_TIMESTAMP('2022-06-08 10:00:00', 'YYYY-MM-DD HH24:MI:SS'), TO_TIMESTAMP('2022-06-08 19:00:00', 'YYYY-MM-DD HH24:MI:SS'), 'PUVLVZ97F09R237B');
INSERT INTO Presenza VALUES (TO_TIMESTAMP('2022-06-14 10:00:00', 'YYYY-MM-DD HH24:MI:SS'), TO_TIMESTAMP('2022-06-14 19:00:00', 'YYYY-MM-DD HH24:MI:SS'), 'PUVLVZ97F09R237B');
INSERT INTO Presenza VALUES (TO_TIMESTAMP('2022-06-20 10:00:00', 'YYYY-MM-DD HH24:MI:SS'), TO_TIMESTAMP('2022-06-20 19:00:00', 'YYYY-MM-DD HH24:MI:SS'), 'PUVLVZ97F09R237B');
INSERT INTO Presenza VALUES (TO_TIMESTAMP('2022-06-21 10:00:00', 'YYYY-MM-DD HH24:MI:SS'), TO_TIMESTAMP('2022-06-21 19:00:00', 'YYYY-MM-DD HH24:MI:SS'), 'YFBLRF48O55Z048M');
INSERT INTO Presenza VALUES (TO_TIMESTAMP('2022-06-27 10:00:00', 'YYYY-MM-DD HH24:MI:SS'), TO_TIMESTAMP('2022-06-27 19:00:00', 'YYYY-MM-DD HH24:MI:SS'), 'YFBLRF48O55Z048M');
INSERT INTO Presenza VALUES (TO_TIMESTAMP('2022-07-04 10:00:00', 'YYYY-MM-DD HH24:MI:SS'), TO_TIMESTAMP('2022-07-04 19:00:00', 'YYYY-MM-DD HH24:MI:SS'), 'YFBLRF48O55Z048M');
INSERT INTO Presenza VALUES (TO_TIMESTAMP('2022-08-05 10:00:00', 'YYYY-MM-DD HH24:MI:SS'), TO_TIMESTAMP('2022-08-05 19:00:00', 'YYYY-MM-DD HH24:MI:SS'), 'UWWKVF45W14S828U');
INSERT INTO Presenza VALUES (TO_TIMESTAMP('2022-08-15 10:00:00', 'YYYY-MM-DD HH24:MI:SS'), TO_TIMESTAMP('2022-08-15 19:00:00', 'YYYY-MM-DD HH24:MI:SS'), 'UWWKVF45W14S828U');
INSERT INTO Presenza VALUES (TO_TIMESTAMP('2022-10-13 10:00:00', 'YYYY-MM-DD HH24:MI:SS'), TO_TIMESTAMP('2022-10-13 19:00:00', 'YYYY-MM-DD HH24:MI:SS'), 'UWWKVF45W14S828U');
INSERT INTO Presenza VALUES (TO_TIMESTAMP('2022-12-02 10:00:00', 'YYYY-MM-DD HH24:MI:SS'), TO_TIMESTAMP('2022-12-02 19:00:00', 'YYYY-MM-DD HH24:MI:SS'), 'HCOWJZ02T47V573F');
INSERT INTO Presenza VALUES (TO_TIMESTAMP('2021-07-23 10:00:00', 'YYYY-MM-DD HH24:MI:SS'), TO_TIMESTAMP('2021-07-23 19:00:00', 'YYYY-MM-DD HH24:MI:SS'), 'HCOWJZ02T47V573F');
INSERT INTO Presenza VALUES (TO_TIMESTAMP('2021-07-30 10:00:00', 'YYYY-MM-DD HH24:MI:SS'), TO_TIMESTAMP('2021-07-30 19:00:00', 'YYYY-MM-DD HH24:MI:SS'), 'HCOWJZ02T47V573F');
INSERT INTO Presenza VALUES (TO_TIMESTAMP('2021-10-04 10:00:00', 'YYYY-MM-DD HH24:MI:SS'), TO_TIMESTAMP('2021-10-04 19:00:00', 'YYYY-MM-DD HH24:MI:SS'), 'GZTZTI69R80D542D');
INSERT INTO Presenza VALUES (TO_TIMESTAMP('2021-10-15 10:00:00', 'YYYY-MM-DD HH24:MI:SS'), TO_TIMESTAMP('2021-10-15 19:00:00', 'YYYY-MM-DD HH24:MI:SS'), 'GZTZTI69R80D542D');
INSERT INTO Presenza VALUES (TO_TIMESTAMP('2021-10-22 10:00:00', 'YYYY-MM-DD HH24:MI:SS'), TO_TIMESTAMP('2021-10-22 19:00:00', 'YYYY-MM-DD HH24:MI:SS'), 'GZTZTI69R80D542D');
INSERT INTO Presenza VALUES (TO_TIMESTAMP('2021-11-02 14:00:00', 'YYYY-MM-DD HH24:MI:SS'), TO_TIMESTAMP('2021-11-02 21:00:00', 'YYYY-MM-DD HH24:MI:SS'), 'UXETBB25N85F898Y');
INSERT INTO Presenza VALUES (TO_TIMESTAMP('2021-11-17 14:00:00', 'YYYY-MM-DD HH24:MI:SS'), TO_TIMESTAMP('2021-11-17 21:00:00', 'YYYY-MM-DD HH24:MI:SS'), 'UXETBB25N85F898Y');
INSERT INTO Presenza VALUES (TO_TIMESTAMP('2022-01-04 14:00:00', 'YYYY-MM-DD HH24:MI:SS'), TO_TIMESTAMP('2022-01-04 21:00:00', 'YYYY-MM-DD HH24:MI:SS'), 'UXETBB25N85F898Y');
INSERT INTO Presenza VALUES (TO_TIMESTAMP('2022-01-12 14:00:00', 'YYYY-MM-DD HH24:MI:SS'), TO_TIMESTAMP('2022-01-12 21:00:00', 'YYYY-MM-DD HH24:MI:SS'), 'SCLOHS15F88Z768W');
INSERT INTO Presenza VALUES (TO_TIMESTAMP('2022-02-08 14:00:00', 'YYYY-MM-DD HH24:MI:SS'), TO_TIMESTAMP('2022-02-08 21:00:00', 'YYYY-MM-DD HH24:MI:SS'), 'SCLOHS15F88Z768W');
INSERT INTO Presenza VALUES (TO_TIMESTAMP('2022-02-14 14:00:00', 'YYYY-MM-DD HH24:MI:SS'), TO_TIMESTAMP('2022-02-14 21:00:00', 'YYYY-MM-DD HH24:MI:SS'), 'SCLOHS15F88Z768W');
INSERT INTO Presenza VALUES (TO_TIMESTAMP('2022-03-14 14:00:00', 'YYYY-MM-DD HH24:MI:SS'), TO_TIMESTAMP('2022-03-14 21:00:00', 'YYYY-MM-DD HH24:MI:SS'), 'ZMHTFC56S72T119B');
INSERT INTO Presenza VALUES (TO_TIMESTAMP('2022-04-12 14:00:00', 'YYYY-MM-DD HH24:MI:SS'), TO_TIMESTAMP('2022-04-12 21:00:00', 'YYYY-MM-DD HH24:MI:SS'), 'ZMHTFC56S72T119B');
INSERT INTO Presenza VALUES (TO_TIMESTAMP('2022-04-19 14:00:00', 'YYYY-MM-DD HH24:MI:SS'), TO_TIMESTAMP('2022-04-19 21:00:00', 'YYYY-MM-DD HH24:MI:SS'), 'ZMHTFC56S72T119B');
INSERT INTO Presenza VALUES (TO_TIMESTAMP('2022-06-07 14:00:00', 'YYYY-MM-DD HH24:MI:SS'), TO_TIMESTAMP('2022-06-07 21:00:00', 'YYYY-MM-DD HH24:MI:SS'), 'PKVEXQ30A01Z162C');
INSERT INTO Presenza VALUES (TO_TIMESTAMP('2022-06-23 14:00:00', 'YYYY-MM-DD HH24:MI:SS'), TO_TIMESTAMP('2022-06-23 21:00:00', 'YYYY-MM-DD HH24:MI:SS'), 'PKVEXQ30A01Z162C');
INSERT INTO Presenza VALUES (TO_TIMESTAMP('2022-07-11 14:00:00', 'YYYY-MM-DD HH24:MI:SS'), TO_TIMESTAMP('2022-07-11 21:00:00', 'YYYY-MM-DD HH24:MI:SS'), 'PKVEXQ30A01Z162C');
INSERT INTO Presenza VALUES (TO_TIMESTAMP('2022-07-19 14:00:00', 'YYYY-MM-DD HH24:MI:SS'), TO_TIMESTAMP('2022-07-19 21:00:00', 'YYYY-MM-DD HH24:MI:SS'), 'DPZOCJ48G58T201C');
INSERT INTO Presenza VALUES (TO_TIMESTAMP('2022-09-21 14:00:00', 'YYYY-MM-DD HH24:MI:SS'), TO_TIMESTAMP('2022-09-21 21:00:00', 'YYYY-MM-DD HH24:MI:SS'), 'DPZOCJ48G58T201C');
INSERT INTO Presenza VALUES (TO_TIMESTAMP('2022-10-17 14:00:00', 'YYYY-MM-DD HH24:MI:SS'), TO_TIMESTAMP('2022-10-17 21:00:00', 'YYYY-MM-DD HH24:MI:SS'), 'DPZOCJ48G58T201C');
INSERT INTO Presenza VALUES (TO_TIMESTAMP('2022-11-18 14:00:00', 'YYYY-MM-DD HH24:MI:SS'), TO_TIMESTAMP('2022-11-18 21:00:00', 'YYYY-MM-DD HH24:MI:SS'), 'CJCTBV03C75B257C');
INSERT INTO Presenza VALUES (TO_TIMESTAMP('2022-12-19 14:00:00', 'YYYY-MM-DD HH24:MI:SS'), TO_TIMESTAMP('2022-12-19 21:00:00', 'YYYY-MM-DD HH24:MI:SS'), 'CJCTBV03C75B257C');
INSERT INTO Presenza VALUES (TO_TIMESTAMP('2022-10-20 14:00:00', 'YYYY-MM-DD HH24:MI:SS'), TO_TIMESTAMP('2022-10-20 21:00:00', 'YYYY-MM-DD HH24:MI:SS'), 'CJCTBV03C75B257C');
INSERT INTO Presenza VALUES (TO_TIMESTAMP('2022-11-10 14:00:00', 'YYYY-MM-DD HH24:MI:SS'), TO_TIMESTAMP('2022-11-10 21:00:00', 'YYYY-MM-DD HH24:MI:SS'), 'RKNIVQ17Q56K462W');
INSERT INTO Presenza VALUES (TO_TIMESTAMP('2022-12-02 14:00:00', 'YYYY-MM-DD HH24:MI:SS'), TO_TIMESTAMP('2022-12-02 21:00:00', 'YYYY-MM-DD HH24:MI:SS'), 'RKNIVQ17Q56K462W');
INSERT INTO Presenza VALUES (TO_TIMESTAMP('2022-10-12 14:00:00', 'YYYY-MM-DD HH24:MI:SS'), TO_TIMESTAMP('2022-10-12 21:00:00', 'YYYY-MM-DD HH24:MI:SS'), 'RKNIVQ17Q56K462W');
INSERT INTO Presenza VALUES (TO_TIMESTAMP('2022-11-13 14:00:00', 'YYYY-MM-DD HH24:MI:SS'), TO_TIMESTAMP('2022-11-13 21:00:00', 'YYYY-MM-DD HH24:MI:SS'), 'JHMDHM13R67X714P');
INSERT INTO Presenza VALUES (TO_TIMESTAMP('2022-12-14 14:00:00', 'YYYY-MM-DD HH24:MI:SS'), TO_TIMESTAMP('2022-12-14 21:00:00', 'YYYY-MM-DD HH24:MI:SS'), 'JHMDHM13R67X714P');
INSERT INTO Presenza VALUES (TO_TIMESTAMP('2022-10-15 14:00:00', 'YYYY-MM-DD HH24:MI:SS'), TO_TIMESTAMP('2022-10-15 21:00:00', 'YYYY-MM-DD HH24:MI:SS'), 'JHMDHM13R67X714P');
INSERT INTO Presenza VALUES (TO_TIMESTAMP('2022-11-16 14:00:00', 'YYYY-MM-DD HH24:MI:SS'), TO_TIMESTAMP('2022-11-16 21:00:00', 'YYYY-MM-DD HH24:MI:SS'), 'DOSLHP83T20C898N');
INSERT INTO Presenza VALUES (TO_TIMESTAMP('2022-12-25 14:00:00', 'YYYY-MM-DD HH24:MI:SS'), TO_TIMESTAMP('2022-12-25 21:00:00', 'YYYY-MM-DD HH24:MI:SS'), 'DOSLHP83T20C898N');
INSERT INTO Presenza VALUES (TO_TIMESTAMP('2022-10-27 14:00:00', 'YYYY-MM-DD HH24:MI:SS'), TO_TIMESTAMP('2022-10-27 21:00:00', 'YYYY-MM-DD HH24:MI:SS'), 'DOSLHP83T20C898N');



INSERT INTO Stipendio VALUES (1500.50, 200.00, DATE '2022-01-10', 'DUESAF55F52N289W');
INSERT INTO Stipendio VALUES (1500.50, 200.00, DATE '2022-02-10', 'DUESAF55F52N289W');
INSERT INTO Stipendio VALUES (1500.50, 200.00, DATE '2022-03-10', 'DUESAF55F52N289W');
INSERT INTO Stipendio VALUES (1400.20, 100.25, DATE '2022-01-10', 'KZLGDK32P62O335T');
INSERT INTO Stipendio VALUES (1400.20, 100.25, DATE '2022-02-10', 'KZLGDK32P62O335T');
INSERT INTO Stipendio VALUES (1400.20, 100.25, DATE '2022-03-10', 'KZLGDK32P62O335T');
INSERT INTO Stipendio VALUES (2550.55, 150.20, DATE '2022-01-10', 'KQWMYW14M46T912E');
INSERT INTO Stipendio VALUES (2550.55, 150.20, DATE '2022-02-10', 'KQWMYW14M46T912E');
INSERT INTO Stipendio VALUES (2550.55, 150.20, DATE '2022-03-10', 'KQWMYW14M46T912E');
INSERT INTO Stipendio VALUES (2000.10, 125.35, DATE '2022-01-10', 'TYITHI81H72P241J');
INSERT INTO Stipendio VALUES (2000.10, 125.35, DATE '2022-02-10', 'TYITHI81H72P241J');
INSERT INTO Stipendio VALUES (2000.10, 125.35, DATE '2022-03-10', 'TYITHI81H72P241J');
INSERT INTO Stipendio VALUES (1865.75, 200.00, DATE '2022-01-10', 'JQYGGW73B53M696N');
INSERT INTO Stipendio VALUES (1865.75, 200.00, DATE '2022-02-10', 'JQYGGW73B53M696N');
INSERT INTO Stipendio VALUES (1865.75, 200.00, DATE '2022-03-10', 'JQYGGW73B53M696N');
INSERT INTO Stipendio VALUES (1650.10, 250.30, DATE '2022-01-10', 'PUVLVZ97F09R237B');
INSERT INTO Stipendio VALUES (1650.10, 250.30, DATE '2022-02-10', 'PUVLVZ97F09R237B');
INSERT INTO Stipendio VALUES (1650.10, 250.30, DATE '2022-03-10', 'PUVLVZ97F09R237B');
INSERT INTO Stipendio VALUES (1800.80, 125.35, DATE '2022-01-10', 'YFBLRF48O55Z048M');
INSERT INTO Stipendio VALUES (1800.80, 125.35, DATE '2022-02-10', 'YFBLRF48O55Z048M');
INSERT INTO Stipendio VALUES (1800.80, 125.35, DATE '2022-03-10', 'YFBLRF48O55Z048M');
INSERT INTO Stipendio VALUES (2200.50, 100.25, DATE '2022-01-10', 'UWWKVF45W14S828U');
INSERT INTO Stipendio VALUES (2200.50, 100.25, DATE '2022-02-10', 'UWWKVF45W14S828U');
INSERT INTO Stipendio VALUES (2200.50, 100.25, DATE '2022-03-10', 'UWWKVF45W14S828U');
INSERT INTO Stipendio VALUES (1400.20, 150.20, DATE '2022-01-10', 'HCOWJZ02T47V573F');
INSERT INTO Stipendio VALUES (1400.20, 150.20, DATE '2022-02-10', 'HCOWJZ02T47V573F');
INSERT INTO Stipendio VALUES (1400.20, 150.20, DATE '2022-03-10', 'HCOWJZ02T47V573F');
INSERT INTO Stipendio VALUES (1865.75, 280.55, DATE '2022-01-10', 'GZTZTI69R80D542D');
INSERT INTO Stipendio VALUES (1865.75, 280.55, DATE '2022-02-10', 'GZTZTI69R80D542D');
INSERT INTO Stipendio VALUES (1865.75, 280.55, DATE '2022-03-10', 'GZTZTI69R80D542D');
INSERT INTO Stipendio VALUES (3000.45, 100.25, DATE '2022-01-10', 'UXETBB25N85F898Y');
INSERT INTO Stipendio VALUES (3000.45, 100.25, DATE '2022-02-10', 'UXETBB25N85F898Y');
INSERT INTO Stipendio VALUES (3000.45, 100.25, DATE '2022-03-10', 'UXETBB25N85F898Y');
INSERT INTO Stipendio VALUES (1550.10, 125.35, DATE '2022-01-10', 'SCLOHS15F88Z768W');
INSERT INTO Stipendio VALUES (1550.10, 125.35, DATE '2022-02-10', 'SCLOHS15F88Z768W');
INSERT INTO Stipendio VALUES (1550.10, 125.35, DATE '2022-03-10', 'SCLOHS15F88Z768W');
INSERT INTO Stipendio VALUES (1650.10, 200.00, DATE '2022-01-10', 'ZMHTFC56S72T119B');
INSERT INTO Stipendio VALUES (1650.10, 200.00, DATE '2022-02-10', 'ZMHTFC56S72T119B');
INSERT INTO Stipendio VALUES (1650.10, 200.00, DATE '2022-03-10', 'ZMHTFC56S72T119B');
INSERT INTO Stipendio VALUES (1500.50, 225.35, DATE '2022-01-10', 'PKVEXQ30A01Z162C');
INSERT INTO Stipendio VALUES (1500.50, 225.35, DATE '2022-02-10', 'PKVEXQ30A01Z162C');
INSERT INTO Stipendio VALUES (1500.50, 225.35, DATE '2022-03-10', 'PKVEXQ30A01Z162C');
INSERT INTO Stipendio VALUES (2200.50, 300.45, DATE '2022-01-10', 'DPZOCJ48G58T201C');
INSERT INTO Stipendio VALUES (2200.50, 300.45, DATE '2022-02-10', 'DPZOCJ48G58T201C');
INSERT INTO Stipendio VALUES (2200.50, 300.45, DATE '2022-03-10', 'DPZOCJ48G58T201C');
INSERT INTO Stipendio VALUES (1600.50, 100.45, DATE '2022-01-10', 'CJCTBV03C75B257C');
INSERT INTO Stipendio VALUES (1600.50, 100.45, DATE '2022-02-10', 'CJCTBV03C75B257C');
INSERT INTO Stipendio VALUES (1600.50, 100.45, DATE '2022-03-10', 'CJCTBV03C75B257C');
INSERT INTO Stipendio VALUES (2200.50, 200.45, DATE '2022-01-10', 'RKNIVQ17Q56K462W');
INSERT INTO Stipendio VALUES (2200.50, 200.45, DATE '2022-02-10', 'RKNIVQ17Q56K462W');
INSERT INTO Stipendio VALUES (2200.50, 200.45, DATE '2022-03-10', 'RKNIVQ17Q56K462W');
INSERT INTO Stipendio VALUES (2500.50, 300.45, DATE '2022-01-10', 'JHMDHM13R67X714P');
INSERT INTO Stipendio VALUES (2500.50, 300.45, DATE '2022-02-10', 'JHMDHM13R67X714P');
INSERT INTO Stipendio VALUES (2500.50, 300.45, DATE '2022-03-10', 'JHMDHM13R67X714P');
INSERT INTO Stipendio VALUES (2800.50, 400.45, DATE '2022-01-10', 'DOSLHP83T20C898N');
INSERT INTO Stipendio VALUES (2800.50, 400.45, DATE '2022-02-10', 'DOSLHP83T20C898N');
INSERT INTO Stipendio VALUES (2800.50, 400.45, DATE '2022-03-10', 'DOSLHP83T20C898N');



INSERT INTO Cassa VALUES ('01', 'SCLOHS15F88Z768W');
INSERT INTO Cassa VALUES ('02', 'KZLGDK32P62O335T');
INSERT INTO Cassa VALUES ('03', 'DUESAF55F52N289W');
INSERT INTO Cassa VALUES ('04', 'HCOWJZ02T47V573F');
INSERT INTO Cassa VALUES ('05', 'ZMHTFC56S72T119B');
INSERT INTO Cassa VALUES ('06', 'PKVEXQ30A01Z162C');
INSERT INTO Cassa VALUES ('07', 'DPZOCJ48G58T201C');
INSERT INTO Cassa VALUES ('08', 'GZTZTI69R80D542D');
INSERT INTO Cassa VALUES ('09', 'UWWKVF45W14S828U');
INSERT INTO Cassa VALUES ('10', 'YFBLRF48O55Z048M');
INSERT INTO Cassa VALUES ('11', 'CJCTBV03C75B257C');
INSERT INTO Cassa VALUES ('12', 'RKNIVQ17Q56K462W');
INSERT INTO Cassa VALUES ('13', 'JHMDHM13R67X714P');
INSERT INTO Cassa VALUES ('14', 'DOSLHP83T20C898N');
INSERT INTO Cassa VALUES ('15', 'PUVLVZ97F09R237B');



INSERT INTO Tessera VALUES ('48221', DATE '2022-10-01', 'umbertoconti@gmail.com');
INSERT INTO Tessera VALUES ('53126', DATE '2022-07-25', 'graziaamica@gmail.com');
INSERT INTO Tessera VALUES ('60881', DATE '2023-01-22', 'fatimapagano@gmail.com');
INSERT INTO Tessera VALUES ('66115', DATE '2022-06-30', 'raffaelegentile@gmail.com');
INSERT INTO Tessera VALUES ('33649', DATE '2022-09-14', 'graziaricci@gmail.com');
INSERT INTO Tessera VALUES ('52887', DATE '2023-03-05', 'manfredibellini@gmail.com');
INSERT INTO Tessera VALUES ('50566', DATE '2023-06-20', 'linoserra@gmail.com');
INSERT INTO Tessera VALUES ('53648', DATE '2022-12-18', 'benedettacaputo@gmail.com');
INSERT INTO Tessera VALUES ('23491', DATE '2022-03-15', 'bartolomeobianco@gmail.com');
INSERT INTO Tessera VALUES ('50864', DATE '2022-07-19', 'giuseppebarbieri@gmail.com');
INSERT INTO Tessera VALUES ('26588', DATE '2022-10-18', 'antoniobasile@gmail.com');
INSERT INTO Tessera VALUES ('29288', DATE '2023-01-01', 'carminepellegrino@gmail.com');
INSERT INTO Tessera VALUES ('91266', DATE '2022-11-21', 'andreaesposito@gmail.com');
INSERT INTO Tessera VALUES ('72185', DATE '2022-12-20', 'annaacerbi@gmail.com');
INSERT INTO Tessera VALUES ('73830', DATE '2023-02-13', 'elisaesposito@gmail.com');



INSERT INTO Scontrino VALUES ('015', DATE '2020-04-17', '05', '48221');
INSERT INTO Scontrino VALUES ('145', DATE '2020-06-02', '04', '53126');
INSERT INTO Scontrino VALUES ('425', DATE '2020-06-24', '02', '60881');
INSERT INTO Scontrino VALUES ('100', DATE '2021-02-17', '06', '66115');
INSERT INTO Scontrino VALUES ('001', DATE '2021-04-12', '02', '33649');
INSERT INTO Scontrino VALUES ('102', DATE '2021-10-04', '09', '52887');
INSERT INTO Scontrino VALUES ('253', DATE '2021-12-24', '06', '50566');
INSERT INTO Scontrino VALUES ('197', DATE '2022-02-09', '13', '53648');
INSERT INTO Scontrino VALUES ('173', DATE '2022-04-08', '11', '23491');
INSERT INTO Scontrino VALUES ('142', DATE '2022-05-12', '05', '50864');
INSERT INTO Scontrino VALUES ('075', DATE '2022-06-03', '07', '26588');
INSERT INTO Scontrino VALUES ('275', DATE '2022-07-06', '08', '29288');
INSERT INTO Scontrino VALUES ('175', DATE '2022-08-17', '13', '91266');
INSERT INTO Scontrino VALUES ('045', DATE '2022-09-14', '09', '72185');
INSERT INTO Scontrino VALUES ('111', DATE '2022-10-10', '10', '73830');



INSERT INTO Cliente VALUES ('BOEIBA73F67F426Z', 'Umberto', 'Conti', DATE '1987-07-08', 'Via Davide', '36100', 'Vicenza', '48221');
INSERT INTO Cliente VALUES ('GODVCQ11W04A277L', 'Grazia', 'Amica', DATE '1972-12-22', 'Via Kennedy', '09170', 'Oristano', '53126');
INSERT INTO Cliente VALUES ('TBQCNP07I21I377F', 'Fatima', 'Pagano', DATE '1988-02-25', 'Via Umberto', '83047', 'Lioni', '60881');
INSERT INTO Cliente VALUES ('DCIGQV05Z95Y818X', 'Raffaele', 'Gentile', DATE '1996-02-27', 'Via De Santis', '19028', 'La Spezia', '66115');
INSERT INTO Cliente VALUES ('VEZPFE87Q32H006G', 'Grazia', 'Ricci', DATE '1995-08-04', 'Via Guerra', '53100', 'Siena', '33649');
INSERT INTO Cliente VALUES ('UHDQZT44S25X354F', 'Manfredi', 'Bellini', DATE '1996-09-26', 'Via Luigi Rizzo', '80026', 'Casoria', '52887');
INSERT INTO Cliente VALUES ('IVCTVJ88F22U748C', 'Lino', 'Serra', DATE '1990-05-26', 'Via Tosca', '36100', 'Vicenza', '50566');
INSERT INTO Cliente VALUES ('HLLSWT47Z95Z697G', 'Benedetta', 'Caputo', DATE '1992-02-14', 'Via Donati', '98050', 'Messina', '53648');
INSERT INTO Cliente VALUES ('AKFSCU28X77V201B', 'Bartolomeo', 'Bianco', DATE '1991-07-25', 'Via Torino', '13030', 'Vercelli', '23491');
INSERT INTO Cliente VALUES ('ZKIVAK24T06P908G', 'Giuseppe', 'Barbieri', DATE '1990-03-22', 'Via Andreotti', '87032', 'Cosenza', '50864');
INSERT INTO Cliente VALUES ('VSDGHD99T00M044I', 'Antonio', 'Basile', DATE '200-01-20', 'Via Giganti', '27029', 'Pavia', '26588');
INSERT INTO Cliente VALUES ('VEYUJW55X06G082Z', 'Carmine', 'Pellegrino', DATE '2003-06-23', 'Via Vicenza', '40030', 'Bologna', '29288');
INSERT INTO Cliente VALUES ('YBQKJX18Q24N403O', 'Andrea', 'Esposito', DATE '2001-10-18', 'Via Acrone', '15068', 'Alessandria', '91266');
INSERT INTO Cliente VALUES ('JFBFUZ89V01B072R', 'Anna', 'Acerbi', DATE '2002-09-30', 'Via Agnano', '71033', 'Foggia', '72185');
INSERT INTO Cliente VALUES ('WCFDPF61H94W313S', 'Elisa', 'Esposito', DATE '1999-12-02', 'Via Nolana', '19028', 'La Spezia', '73830');



INSERT INTO Brand VALUES ('Blizzard', '+4915227656077', 'blizzard@gmail.com');
INSERT INTO Brand VALUES ('CCP Games', '+48722717429', 'ccp.games@outlook.com');
INSERT INTO Brand VALUES ('Warner Bros.', '+66832692485', 'warner.bros@live.com');
INSERT INTO Brand VALUES ('Square Enix', '+17084140252', 'square.enix@gmail.com');
INSERT INTO Brand VALUES ('Flaregames', '+420721482480', 'flaregames@yahoo.com');
INSERT INTO Brand VALUES ('SEGA', '+8617107706062', 'sega@outlook.com');
INSERT INTO Brand VALUES ('Bandai Namco', '+972552603210', 'bandai.namco@gmail.com');
INSERT INTO Brand VALUES ('Nintendo', '+37124987607', 'nintendo@outlook.com');
INSERT INTO Brand VALUES ('Rockstar Games', '+972552603212', 'rockstar.games@live.com');
INSERT INTO Brand VALUES ('Ubisoft', '+32460244124', 'ubisoft@gmail.com');
INSERT INTO Brand VALUES ('Sony', '+380934611643', 'sony@outlook.com');
INSERT INTO Brand VALUES ('Microsoft', '+917428723247', 'microsoft@outlook.com');
INSERT INTO Brand VALUES ('Konami', '+559551583801', 'konami@live.com');
INSERT INTO Brand VALUES ('Electronic Arts', '+642040161449', 'electronic.arts@yahoo.com');
INSERT INTO Brand VALUES ('Turtle Beach', '+322040121459', 'turtle.beach@yahoo.com');



-- videogiochi
INSERT INTO Prodotto VALUES ('3161144353361', 60, 'Leggende Pokémon: Arceus', 'Nintendo');
INSERT INTO Prodotto VALUES ('7421596293422', 80, 'Fifa 22', 'Electronic Arts');
INSERT INTO Prodotto VALUES ('7421596293423', 80, 'Fifa 22', 'Electronic Arts');
INSERT INTO Prodotto VALUES ('7421596293424', 70, 'Fifa 22', 'Electronic Arts');
INSERT INTO Prodotto VALUES ('7421596293425', 70, 'Fifa 22', 'Electronic Arts');
INSERT INTO Prodotto VALUES ('1261524815982', 9.90, 'Gunjack', 'CCP Games');
INSERT INTO Prodotto VALUES ('7389735471827', 59.90, 'The Legend of Zelda: Breath of the Wild', 'Nintendo');
INSERT INTO Prodotto VALUES ('2117985678598', 85.90, 'Assassin Creed: Valhalla', 'Ubisoft');
INSERT INTO Prodotto VALUES ('2958458523424', 59.90, 'LEGO Star Wars: La Saga degli Skywalker', 'Warner Bros.');
INSERT INTO Prodotto VALUES ('2516872378394', 35.50, 'Fortnite', 'Epic Games');
INSERT INTO Prodotto VALUES ('3236799153441', 10.00, 'Fall Guys', 'Epic Games');
INSERT INTO Prodotto VALUES ('5735695496534', 49.90, 'Dragon Ball FighterZ', 'Bandai Namco');
INSERT INTO Prodotto VALUES ('7696551478743', 15.90, 'Royal Revolt 2', 'Flaregames');
INSERT INTO Prodotto VALUES ('5444637321494', 40, 'Sonic Origins', 'SEGA');
INSERT INTO Prodotto VALUES ('5444637321495', 40, 'Sonic Origins', 'SEGA');
INSERT INTO Prodotto VALUES ('9252654442576', 59.90, 'Spider-Man: Miles Morales', 'Sony');
INSERT INTO Prodotto VALUES ('3522923974493', 15.45, 'Uncharted 3', 'Sony');
INSERT INTO Prodotto VALUES ('6726585883313', 50.80, 'Halo Infinite', 'Microsoft');
INSERT INTO Prodotto VALUES ('6726585883312', 14.90, 'PES 2020', 'Konami');
INSERT INTO Prodotto VALUES ('8282521878755', 60.70, 'Forza Horizon 4', 'Microsoft');
INSERT INTO Prodotto VALUES ('9112521878752', 59.90, 'Kingdom Hearts III', 'Square Enix');
INSERT INTO Prodotto VALUES ('9411876517421', 69.90, 'Red Dead Redemption II', 'Rockstar Games');
-- console
INSERT INTO Prodotto VALUES ('2159952449449', 499.99, 'PlayStation 5', 'Sony');
INSERT INTO Prodotto VALUES ('8575794632918', 399.99, 'PlayStation 5 Digital Edition', 'Sony');
INSERT INTO Prodotto VALUES ('8239872659154', 299.99, 'Nintendo Switch', 'Nintendo');
INSERT INTO Prodotto VALUES ('8322765493758', 369.99, 'Nintendo Switch OLED', 'Nintendo');
INSERT INTO Prodotto VALUES ('4158659266579', 499.99, 'XBox Series X', 'Microsoft');
INSERT INTO Prodotto VALUES ('3226874567689', 299.99, 'XBox Series S', 'Microsoft');
INSERT INTO Prodotto VALUES ('8972798252271', 249.99, 'PlayStation 4 Pro', 'Sony');
INSERT INTO Prodotto VALUES ('5534913359943', 199.99, 'PlayStation 4', 'Sony'); --500GB
INSERT INTO Prodotto VALUES ('5534913359944', 249.99, 'PlayStation 4', 'Sony'); --1TB
INSERT INTO Prodotto VALUES ('2728622851118', 149.99, 'New Nintendo 3DS XL', 'Nintendo');
INSERT INTO Prodotto VALUES ('5635676774424', 109.99, 'New Nintendo 2DS XL', 'Nintendo');
INSERT INTO Prodotto VALUES ('7373432787644', 99.99, 'XBox One', 'Microsoft'); --500GB
INSERT INTO Prodotto VALUES ('8282521878756', 99.99, 'XBox One', 'Microsoft'); --1TB
INSERT INTO Prodotto VALUES ('4481662758784', 199.99, 'XBox One X', 'Microsoft');
INSERT INTO Prodotto VALUES ('3241649593949', 99.99, 'Wii U', 'Nintendo');
-- accessori
INSERT INTO Prodotto VALUES ('5625001717375', 59.99, 'DualSense', 'Sony');
INSERT INTO Prodotto VALUES ('3234015733361', 39.99, 'Base di ricarica per PS5', 'Sony');
INSERT INTO Prodotto VALUES ('5199409220511', 69.99, 'Pulse 3D', 'Sony');
INSERT INTO Prodotto VALUES ('3229944607184', 45.80, 'Set da due Joycon', 'Nintendo');
INSERT INTO Prodotto VALUES ('6344955242208', 25, 'Joycon sinistro', 'Nintendo');
INSERT INTO Prodotto VALUES ('4672059822867', 25, 'Joycon destro', 'Nintendo');
INSERT INTO Prodotto VALUES ('9488214796576', 137.99, 'Turtle Beach Stealth 700 Gen 2', 'Turtle Beach');
INSERT INTO Prodotto VALUES ('9439153323878', 159.99, 'Turtle Beach Stealth 700 Gen 2 MAX', 'Turtle Beach');
INSERT INTO Prodotto VALUES ('5388065781485', 159.99, 'XBox Wireless Controller Elite Series 2', 'Microsoft');
INSERT INTO Prodotto VALUES ('2701636146252', 69.99, 'XBox Wireless Controller', 'Microsoft');
INSERT INTO Prodotto VALUES ('2294542494557', 89.99, 'XBox Adaptive Controller', 'Microsoft');
INSERT INTO Prodotto VALUES ('2852787497765', 19.99, 'Batteria ricaricabile per XBox', 'Microsoft');
INSERT INTO Prodotto VALUES ('9475756268876', 99.99, 'Cuffie Wireless per Xbox', 'Microsoft');
INSERT INTO Prodotto VALUES ('9268754174422', 59.99, 'Nintendo Switch Pro Controller', 'Nintendo');
INSERT INTO Prodotto VALUES ('6235044612233', 9.99, 'Laccetto per Joy-Con', 'Nintendo');



INSERT INTO Offerta VALUES ('731', '20g', 'Sconto 20%');
INSERT INTO Offerta VALUES ('410', '10g', 'Sconto 10%');
INSERT INTO Offerta VALUES ('368', '01s', 'Sconto 15%');
INSERT INTO Offerta VALUES ('316', '03m', 'Sconto 25%');
INSERT INTO Offerta VALUES ('641', '12s', '2x1');
INSERT INTO Offerta VALUES ('463', '05s', '3x2');
INSERT INTO Offerta VALUES ('907', '05m', 'Sconto 5%');
INSERT INTO Offerta VALUES ('181', '25g', 'Sconto 50%');
INSERT INTO Offerta VALUES ('174', '01s', 'Sconto 60%');
INSERT INTO Offerta VALUES ('399', '04g', 'Sconto 45%');
INSERT INTO Offerta VALUES ('737', '10m', 'Sconto 55%');
INSERT INTO Offerta VALUES ('400', '01a', '5x4');
INSERT INTO Offerta VALUES ('844', '02m', 'Sconto 20€');
INSERT INTO Offerta VALUES ('539', '03g', 'Sconto 50€');
INSERT INTO Offerta VALUES ('866', '29g', 'Sconto 10€');



INSERT INTO Offerta_Prodotto VALUES ('3161144353361', '731');
INSERT INTO Offerta_Prodotto VALUES ('7421596293422', '410');
INSERT INTO Offerta_Prodotto VALUES ('7421596293423', '368');
INSERT INTO Offerta_Prodotto VALUES ('7421596293424', '316');
INSERT INTO Offerta_Prodotto VALUES ('2159952449449', '641');
INSERT INTO Offerta_Prodotto VALUES ('8575794632918', '463');
INSERT INTO Offerta_Prodotto VALUES ('8239872659154', '907');
INSERT INTO Offerta_Prodotto VALUES ('8322765493758', '181');
INSERT INTO Offerta_Prodotto VALUES ('5625001717375', '174');
INSERT INTO Offerta_Prodotto VALUES ('3234015733361', '399');
INSERT INTO Offerta_Prodotto VALUES ('5199409220511', '737');
INSERT INTO Offerta_Prodotto VALUES ('3229944607184', '400');
INSERT INTO Offerta_Prodotto VALUES ('9411876517421', '844');
INSERT INTO Offerta_Prodotto VALUES ('3241649593949', '539');
INSERT INTO Offerta_Prodotto VALUES ('6235044612233', '866');



INSERT INTO Scontrino_Prodotto VALUES ('015', DATE '2020-04-17', '3161144353361', 15);
INSERT INTO Scontrino_Prodotto VALUES ('145', DATE '2020-06-02', '7421596293422', 19);
INSERT INTO Scontrino_Prodotto VALUES ('425', DATE '2020-06-24', '7421596293423', 25);
INSERT INTO Scontrino_Prodotto VALUES ('100', DATE '2021-02-17', '7421596293424', 5);
INSERT INTO Scontrino_Prodotto VALUES ('001', DATE '2021-04-12', '2159952449449', 45);
INSERT INTO Scontrino_Prodotto VALUES ('102', DATE '2021-10-04', '8575794632918', 50);
INSERT INTO Scontrino_Prodotto VALUES ('253', DATE '2021-12-24', '8239872659154', 37);
INSERT INTO Scontrino_Prodotto VALUES ('197', DATE '2022-02-09', '8322765493758', 23);
INSERT INTO Scontrino_Prodotto VALUES ('173', DATE '2022-04-08', '5625001717375', 19);
INSERT INTO Scontrino_Prodotto VALUES ('142', DATE '2022-05-12', '3234015733361', 96);
INSERT INTO Scontrino_Prodotto VALUES ('075', DATE '2022-06-03', '5199409220511', 10);
INSERT INTO Scontrino_Prodotto VALUES ('275', DATE '2022-07-06', '3229944607184', 22);
INSERT INTO Scontrino_Prodotto VALUES ('175', DATE '2022-08-17', '9411876517421', 63);
INSERT INTO Scontrino_Prodotto VALUES ('045', DATE '2022-09-14', '3241649593949', 12);
INSERT INTO Scontrino_Prodotto VALUES ('111', DATE '2022-10-10', '6235044612233', 84);
-- da aggiungere altri scontrini e collegarli ai prodotti


/*

INSERT INTO Videogioco VALUES ('', '3161144353361');
INSERT INTO Videogioco VALUES ('', '7421596293422');
INSERT INTO Videogioco VALUES ('', '7421596293423');
INSERT INTO Videogioco VALUES ('', '7421596293424');
INSERT INTO Videogioco VALUES ('', '7421596293425');
INSERT INTO Videogioco VALUES ('', '1261524815982');
INSERT INTO Videogioco VALUES ('', '7389735471827');
INSERT INTO Videogioco VALUES ('', '2117985678598');
INSERT INTO Videogioco VALUES ('', '2958458523424');
INSERT INTO Videogioco VALUES ('', '2516872378394');
INSERT INTO Videogioco VALUES ('', '3236799153441');
INSERT INTO Videogioco VALUES ('', '5735695496534');
INSERT INTO Videogioco VALUES ('', '7696551478743');
INSERT INTO Videogioco VALUES ('', '5444637321494');
INSERT INTO Videogioco VALUES ('', '5444637321495');
INSERT INTO Videogioco VALUES ('', '9252654442576');
INSERT INTO Videogioco VALUES ('', '3522923974493');
INSERT INTO Videogioco VALUES ('', '6726585883313');
INSERT INTO Videogioco VALUES ('', '6726585883312');
INSERT INTO Videogioco VALUES ('', '8282521878755');
INSERT INTO Videogioco VALUES ('', '9112521878752');
INSERT INTO Videogioco VALUES ('', '9411876517421');



INSERT INTO Console VALUES ('', '2159952449449');
INSERT INTO Console VALUES ('', '8575794632918');
INSERT INTO Console VALUES ('', '8239872659154');
INSERT INTO Console VALUES ('', '8322765493758');
INSERT INTO Console VALUES ('', '4158659266579');
INSERT INTO Console VALUES ('', '3226874567689');
INSERT INTO Console VALUES ('', '8972798252271');
INSERT INTO Console VALUES ('', '5534913359943');
INSERT INTO Console VALUES ('', '5534913359944');
INSERT INTO Console VALUES ('', '2728622851118');
INSERT INTO Console VALUES ('', '5635676774424');
INSERT INTO Console VALUES ('', '7373432787644');
INSERT INTO Console VALUES ('', '8282521878756');
INSERT INTO Console VALUES ('', '4481662758784');
INSERT INTO Console VALUES ('', '3241649593949');



INSERT INTO Accessorio VALUES ('', '5625001717375');
INSERT INTO Accessorio VALUES ('', '3234015733361');
INSERT INTO Accessorio VALUES ('', '5199409220511');
INSERT INTO Accessorio VALUES ('', '3229944607184');
INSERT INTO Accessorio VALUES ('', '6344955242208');
INSERT INTO Accessorio VALUES ('', '4672059822867');
INSERT INTO Accessorio VALUES ('', '9488214796576');
INSERT INTO Accessorio VALUES ('', '9439153323878');
INSERT INTO Accessorio VALUES ('', '5388065781485');
INSERT INTO Accessorio VALUES ('', '2701636146252');
INSERT INTO Accessorio VALUES ('', '2294542494557');
INSERT INTO Accessorio VALUES ('', '2852787497765');
INSERT INTO Accessorio VALUES ('', '9475756268876');
INSERT INTO Accessorio VALUES ('', '9268754174422');
INSERT INTO Accessorio VALUES ('', '6235044612233');

*/


INSERT INTO Fornitore VALUES ('90264687962', 'photographoie', 'photographoie@gmail.com', '+353894060424');
INSERT INTO Fornitore VALUES ('38690894449', 'outbreakoiedo', 'outbreakoiedo@outlook.com', '+358414976066');
INSERT INTO Fornitore VALUES ('15004158468', 'airtightssket', 'airtightssket@live.com', '+18253050685');
INSERT INTO Fornitore VALUES ('91289955367', 'weldinggazpac', 'weldinggazpac@yahoo.com', '+77474070236');
INSERT INTO Fornitore VALUES ('17165219947', 'huedockinggum', 'huedockinggum@gmail.com', '+37378225275');
INSERT INTO Fornitore VALUES ('41884114528', 'friseepavilio', 'friseepavilio@outlook.com', '+4759444605');
INSERT INTO Fornitore VALUES ('62015085528', 'proportionyea', 'proportionyea@live.com', '+212652877871');
INSERT INTO Fornitore VALUES ('56441262398', 'homeothermicc', 'homeothermicc@yahoo.com', '+959457796397');
INSERT INTO Fornitore VALUES ('50613744343', 'elevationsuga', 'elevationsuga@gmail.com', '+40734897154');
INSERT INTO Fornitore VALUES ('83692961491', 'improvisation', 'improvisation@gmail.com', '+37068977922');
INSERT INTO Fornitore VALUES ('73442221108', 'foldhardboard', 'foldhardboard@gmail.com', '+601161466122');
INSERT INTO Fornitore VALUES ('96371977022', 'pointillismcu', 'pointillismcu@gmail.com', '+31630183604');
INSERT INTO Fornitore VALUES ('34217892189', 'huecarbohydra', 'huecarbohydra@gmail.com', '+528184713166');
INSERT INTO Fornitore VALUES ('67382948785', 'meltdacquoise', 'meltdacquoise@gmail.com', '+351910602928');
INSERT INTO Fornitore VALUES ('88479777451', 'rarefactionso', 'rarefactionso@gmail.com', '+37126109368');



INSERT INTO Corriere VALUES ('37883995709', 'Poste Italiane');
INSERT INTO Corriere VALUES ('20161060504', 'UPS');
INSERT INTO Corriere VALUES ('89615695713', 'DHL');
INSERT INTO Corriere VALUES ('39727028431', 'SDA');
INSERT INTO Corriere VALUES ('72216746040', 'Bartolini');
INSERT INTO Corriere VALUES ('71082936092', 'GLS');
INSERT INTO Corriere VALUES ('92906577636', 'TNT');
INSERT INTO Corriere VALUES ('90339372094', 'Nexive');
INSERT INTO Corriere VALUES ('11201360185', 'BRT');
INSERT INTO Corriere VALUES ('50910133102', 'FedEx');
INSERT INTO Corriere VALUES ('31334834307', 'UPM');
INSERT INTO Corriere VALUES ('50432359323', 'DST');
INSERT INTO Corriere VALUES ('17334521562', 'TAL');
INSERT INTO Corriere VALUES ('91695775671', 'PNC');
INSERT INTO Corriere VALUES ('32100490558', 'NPM');



INSERT INTO CaricoMerce VALUES ('VuahC', 'Eby7T13OMDYF2AUafp', DATE '2020-09-23', DATE '2020-09-28', '90264687962', '37883995709');
INSERT INTO CaricoMerce VALUES ('q9lnB', '9K0Fqa5jxfSLTcvJh5', DATE '2021-02-17', DATE '2021-02-22', '38690894449', '20161060504');
INSERT INTO CaricoMerce VALUES ('ChV2W', 'O6UyGapV3EKB3qAexq', DATE '2021-02-25', DATE '2021-02-21', '15004158468', '89615695713');
INSERT INTO CaricoMerce VALUES ('ps3bv', 'jJ7RMV2LYbmaq6gF5u', DATE '2021-04-07', DATE '2021-04-12', '91289955367', '39727028431');
INSERT INTO CaricoMerce VALUES ('wRoB5', 'Dlic6NAPLlB00Ts1XD', DATE '2021-10-11', DATE '2021-10-18', '17165219947', '72216746040');
INSERT INTO CaricoMerce VALUES ('SvBhL', 'mBLEFDmW2h91r5QNib', DATE '2021-11-12', DATE '2021-11-17', '41884114528', '71082936092');
INSERT INTO CaricoMerce VALUES ('EAsYE', 'nShLsSH8Oag1fcHxFU', DATE '2021-11-23', DATE '2021-11-29', '62015085528', '92906577636');
INSERT INTO CaricoMerce VALUES ('GrQjf', 'yMrX4Z4hmnLNx0LCyt', DATE '2021-11-30', DATE '2021-12-06', '56441262398', '90339372094');
INSERT INTO CaricoMerce VALUES ('edy2i', 'SYrB33nJYfYogAzNOm', DATE '2022-01-11', DATE '2022-01-18', '50613744343', '11201360185');
INSERT INTO CaricoMerce VALUES ('TFA5G', '51KdAXwaYuimG342Ie', DATE '2022-02-02', DATE '2022-02-09', '83692961491', '50910133102');
INSERT INTO CaricoMerce VALUES ('Fbsck', 'jMo0XigC4QGvapTBIm', DATE '2022-03-04', DATE '2022-03-09', '73442221108', '31334834307');
INSERT INTO CaricoMerce VALUES ('Ef218', 'TutEtSg6JKWM5sLXiF', DATE '2022-03-17', DATE '2022-03-19', '96371977022', '50432359323');
INSERT INTO CaricoMerce VALUES ('0v45N', 'LzWiPZDpYaVt2jwkdA', DATE '2022-04-12', DATE '2022-04-18', '34217892189', '17334521562');
INSERT INTO CaricoMerce VALUES ('LdcL4', '5OIFyEHFoGeSBsV6FQ', DATE '2022-04-14', DATE '2022-04-19', '67382948785', '91695775671');
INSERT INTO CaricoMerce VALUES ('X9YrY', 'meQ8eak059sCsEub1M', DATE '2022-07-25', DATE '2022-07-28', '88479777451', '32100490558');



INSERT INTO CaricoMerce_Prodotto VALUES ('VuahC', '3161144353361', 50, 83);
INSERT INTO CaricoMerce_Prodotto VALUES ('q9lnB', '7421596293422', 65, 51);
INSERT INTO CaricoMerce_Prodotto VALUES ('ChV2W', '7421596293423', 63, 46);
INSERT INTO CaricoMerce_Prodotto VALUES ('ps3bv', '7421596293424', 60, 90);
INSERT INTO CaricoMerce_Prodotto VALUES ('wRoB5', '2159952449449', 449.50, 20);
INSERT INTO CaricoMerce_Prodotto VALUES ('SvBhL', '8575794632918', 330.45, 91);
INSERT INTO CaricoMerce_Prodotto VALUES ('EAsYE', '8239872659154', 245.90, 46);
INSERT INTO CaricoMerce_Prodotto VALUES ('GrQjf', '8322765493758', 300, 73);
INSERT INTO CaricoMerce_Prodotto VALUES ('edy2i', '5625001717375', 49.90, 98);
INSERT INTO CaricoMerce_Prodotto VALUES ('TFA5G', '3234015733361', 29.90, 76);
INSERT INTO CaricoMerce_Prodotto VALUES ('Fbsck', '5199409220511', 57.90, 91);
INSERT INTO CaricoMerce_Prodotto VALUES ('Ef218', '3229944607184', 30.90, 51);
INSERT INTO CaricoMerce_Prodotto VALUES ('0v45N', '9411876517421', 59.90, 43);
INSERT INTO CaricoMerce_Prodotto VALUES ('LdcL4', '3241649593949', 70, 54);
INSERT INTO CaricoMerce_Prodotto VALUES ('X9YrY', '6235044612233', 6.90, 65);