-- fare il check per la lunghezza minima della password
INSERT INTO Credenziali VALUES ('umberto.testa', '&Ts5Y*VJmL2o');
INSERT INTO Credenziali VALUES ('doriana.bianchi', '3TVnpjQ&BGlo');
INSERT INTO Credenziali VALUES ('marina.ferrara', 'mBn#s6X%RSiq');
INSERT INTO Credenziali VALUES ('sesto.caputo', 'x&K@jzRLf*pz');
INSERT INTO Credenziali VALUES ('nicoletta.monti', '%OZIC!AZANsg');
INSERT INTO Credenziali VALUES ('osea.martini', 'SkRY#FHsH6tO');
INSERT INTO Credenziali VALUES ('gelsomina.sala', 'EliSY!zGicA^');
INSERT INTO Credenziali VALUES ('alberto.gentile', 'ZhI5c6eRY^c6');
INSERT INTO Credenziali VALUES ('eufemia.marchetti', 'AgU6v7rTU?b2');
INSERT INTO Credenziali VALUES ('mario.rossi', 'Bk!U^n5%*uxu');
INSERT INTO Credenziali VALUES ('giuseppe.verde', '9Wh9Pe#1GsXh');
INSERT INTO Credenziali VALUES ('maria.mazzini', 'W$lXkQrA*VNt');
INSERT INTO Credenziali VALUES ('marta.porzio', 'lJ*yquH$fLBk');


INSERT INTO Dipendente VALUES ('DUESAF55F52N289W', 'Umberto', 'Testa', DATE '1980-06-15', 'Via Emidio', '00189', 'Roma', 'umberto.testa', 'Cassiere');
INSERT INTO Dipendente VALUES ('KZLGDK32P62O335T', 'Doriana', 'Bianchi', DATE '1988-09-16', 'Piazza Eriberto', '22100', 'Como', 'doriana.bianchi', 'Cassiere');
INSERT INTO Dipendente VALUES ('KQWMYW14M46T912E', 'Giacinto', 'Montanari', DATE '1974-01-06', 'Via Napoli', '23900', 'Lecco', NULL, 'Scaffalista');
INSERT INTO Dipendente VALUES ('TYITHI81H72P241J', 'Alighieri', 'Gallo', DATE '1995-12-10', 'Via Cirino', '80126', 'Napoli', NULL, 'Scaffalista');
INSERT INTO Dipendente VALUES ('JQYGGW73B53M696N', 'Santo', 'Lombardo', DATE '2000-01-03', 'Via Karim', '94100', 'Enna', NULL, 'Scaffalista');
INSERT INTO Dipendente VALUES ('PUVLVZ97F09R237B', 'Marina', 'Ferrara', DATE '1976-02-11', 'Via Martini', '12100', 'Cuneo', 'marina.ferrara', 'Cassiere');
INSERT INTO Dipendente VALUES ('YFBLRF48O55Z048M', 'Sesto', 'Caputo', DATE '1986-02-11', 'Via Miriana', '06127', 'Perugia', 'sesto.caputo', 'Cassiere');
INSERT INTO Dipendente VALUES ('UWWKVF45W14S828U', 'Cleopatra', 'Amato', DATE '1990-11-23', 'Via Carmelo', '53100', 'Siena', NULL, 'Scaffalista');
INSERT INTO Dipendente VALUES ('HCOWJZ02T47V573F', 'Germano', 'Damico', DATE '1992-10-04', 'Via Silvestri', '80126', 'Napoli', NULL, 'Scaffalista');
INSERT INTO Dipendente VALUES ('GZTZTI69R80D542D', 'Nicoletta', 'Monti', DATE '1996-09-08', 'Via Roma', '38122', 'Trento', 'nicoletta.monti', 'Cassiere');
INSERT INTO Dipendente VALUES ('UXETBB25N85F898Y', 'Osea', 'Martini', DATE '1960-06-15', 'Via Piererminio', '46100', 'Mantova', 'osea.martini', 'Dirigente');
INSERT INTO Dipendente VALUES ('SCLOHS15F88Z768W', 'Gelsomina', 'Sala', DATE '1995-02-20', 'Via Parisi', '57122', 'Livorno', 'gelsomina.sala', 'Cassiere');
INSERT INTO Dipendente VALUES ('ZMHTFC56S72T119B', 'Umberto', 'Russo', DATE '2000-12-20', 'Via Eustacchio', '07026', 'Olbia', NULL, 'Scaffalista');
INSERT INTO Dipendente VALUES ('PKVEXQ30A01Z162C', 'Siro', 'Santoro', DATE '1982-10-11', 'Via Martino', '35127', 'Padova', NULL, 'Scaffalista');
INSERT INTO Dipendente VALUES ('DPZOCJ48G58T201C', 'Alberto', 'Gentile', DATE '1970-01-18', 'Piazza Gilda', '31100', 'Treviso', 'alberto.gentile', 'Cassiere');
INSERT INTO Dipendente VALUES ('HBGVQP27H84A198C', 'Eufemia', 'Marchetti', DATE '2003-02-20', 'Via Verde', '57122', 'Livorno', 'eufemia.marchetti', 'Magazziniere');
INSERT INTO Dipendente VALUES ('CJCTBV03C75B257C', 'Mario', 'Rossi', DATE '2001-07-21', 'Via Niccolò', '35127', 'Padova', 'mario.rossi', 'Magazziniere');
INSERT INTO Dipendente VALUES ('RKNIVQ17Q56K462W', 'Giuseppe', 'Verde', DATE '2002-04-25', 'Via Rizzo', '53100', 'Siena', 'giuseppe.verde', 'Magazziniere');
INSERT INTO Dipendente VALUES ('JHMDHM13R67X714P', 'Maria', 'Mazzini', DATE '2000-09-15', 'Via Liberti', '38122', 'Trento', 'maria.mazzini', 'Magazziniere');
INSERT INTO Dipendente VALUES ('DOSLHP83T20C898N', 'Marta', 'Porzio', DATE '1999-01-05', 'Via Tinckel', '06127', 'Perugia', 'marta.porzio', 'Magazziniere');



INSERT INTO Presenza VALUES (TO_TIMESTAMP('2021-07-21 09:00:00', 'YYYY-MM-DD HH24:MI:SS'), TO_TIMESTAMP('2021-07-21 18:00:00', 'YYYY-MM-DD HH24:MI:SS'), 'DUESAF55F52N289W');
INSERT INTO Presenza VALUES (TO_TIMESTAMP('2021-08-23 09:00:00', 'YYYY-MM-DD HH24:MI:SS'), TO_TIMESTAMP('2021-08-23 18:00:00', 'YYYY-MM-DD HH24:MI:SS'), 'DUESAF55F52N289W');
INSERT INTO Presenza VALUES (TO_TIMESTAMP('2021-09-08 09:00:00', 'YYYY-MM-DD HH24:MI:SS'), TO_TIMESTAMP('2021-09-08 18:00:00', 'YYYY-MM-DD HH24:MI:SS'), 'DUESAF55F52N289W');
INSERT INTO Presenza VALUES (TO_TIMESTAMP('2021-11-01 09:00:00', 'YYYY-MM-DD HH24:MI:SS'), TO_TIMESTAMP('2021-11-01 18:00:00', 'YYYY-MM-DD HH24:MI:SS'), 'KZLGDK32P62O335T');
INSERT INTO Presenza VALUES (TO_TIMESTAMP('2021-11-02 09:00:00', 'YYYY-MM-DD HH24:MI:SS'), TO_TIMESTAMP('2021-11-02 18:00:00', 'YYYY-MM-DD HH24:MI:SS'), 'KZLGDK32P62O335T');
INSERT INTO Presenza VALUES (TO_TIMESTAMP('2021-11-05 09:00:00', 'YYYY-MM-DD HH24:MI:SS'), TO_TIMESTAMP('2021-11-05 18:00:00', 'YYYY-MM-DD HH24:MI:SS'), 'KZLGDK32P62O335T');
INSERT INTO Presenza VALUES (TO_TIMESTAMP('2021-12-29 09:00:00', 'YYYY-MM-DD HH24:MI:SS'), TO_TIMESTAMP('2021-12-29 18:00:00', 'YYYY-MM-DD HH24:MI:SS'), 'KQWMYW14M46T912E');
INSERT INTO Presenza VALUES (TO_TIMESTAMP('2022-01-10 09:00:00', 'YYYY-MM-DD HH24:MI:SS'), TO_TIMESTAMP('2022-01-10 18:00:00', 'YYYY-MM-DD HH24:MI:SS'), 'KQWMYW14M46T912E');
INSERT INTO Presenza VALUES (TO_TIMESTAMP('2022-02-03 09:00:00', 'YYYY-MM-DD HH24:MI:SS'), TO_TIMESTAMP('2022-02-03 18:00:00', 'YYYY-MM-DD HH24:MI:SS'), 'KQWMYW14M46T912E');
INSERT INTO Presenza VALUES (TO_TIMESTAMP('2022-02-16 09:00:00', 'YYYY-MM-DD HH24:MI:SS'), TO_TIMESTAMP('2022-02-16 18:00:00', 'YYYY-MM-DD HH24:MI:SS'), 'TYITHI81H72P241J');
INSERT INTO Presenza VALUES (TO_TIMESTAMP('2022-02-23 09:00:00', 'YYYY-MM-DD HH24:MI:SS'), TO_TIMESTAMP('2022-02-23 18:00:00', 'YYYY-MM-DD HH24:MI:SS'), 'TYITHI81H72P241J');
INSERT INTO Presenza VALUES (TO_TIMESTAMP('2022-03-14 09:00:00', 'YYYY-MM-DD HH24:MI:SS'), TO_TIMESTAMP('2022-03-14 18:00:00', 'YYYY-MM-DD HH24:MI:SS'), 'TYITHI81H72P241J');
INSERT INTO Presenza VALUES (TO_TIMESTAMP('2022-03-16 09:00:00', 'YYYY-MM-DD HH24:MI:SS'), TO_TIMESTAMP('2022-03-16 18:00:00', 'YYYY-MM-DD HH24:MI:SS'), 'JQYGGW73B53M696N');
INSERT INTO Presenza VALUES (TO_TIMESTAMP('2022-04-29 09:00:00', 'YYYY-MM-DD HH24:MI:SS'), TO_TIMESTAMP('2022-04-29 18:00:00', 'YYYY-MM-DD HH24:MI:SS'), 'JQYGGW73B53M696N');
INSERT INTO Presenza VALUES (TO_TIMESTAMP('2022-06-06 09:00:00', 'YYYY-MM-DD HH24:MI:SS'), TO_TIMESTAMP('2022-06-06 18:00:00', 'YYYY-MM-DD HH24:MI:SS'), 'JQYGGW73B53M696N');
INSERT INTO Presenza VALUES (TO_TIMESTAMP('2022-06-08 10:00:00', 'YYYY-MM-DD HH24:MI:SS'), TO_TIMESTAMP('2022-06-08 19:00:00', 'YYYY-MM-DD HH24:MI:SS'), 'PUVLVZ97F09R237B');
INSERT INTO Presenza VALUES (TO_TIMESTAMP('2022-06-14 10:00:00', 'YYYY-MM-DD HH24:MI:SS'), TO_TIMESTAMP('2022-06-14 19:00:00', 'YYYY-MM-DD HH24:MI:SS'), 'PUVLVZ97F09R237B');
INSERT INTO Presenza VALUES (TO_TIMESTAMP('2022-06-20 10:00:00', 'YYYY-MM-DD HH24:MI:SS'), TO_TIMESTAMP('2022-06-20 19:00:00', 'YYYY-MM-DD HH24:MI:SS'), 'PUVLVZ97F09R237B');
INSERT INTO Presenza VALUES (TO_TIMESTAMP('2022-06-21 10:00:00', 'YYYY-MM-DD HH24:MI:SS'), TO_TIMESTAMP('2022-06-21 19:00:00', 'YYYY-MM-DD HH24:MI:SS'), 'YFBLRF48O55Z048M');
INSERT INTO Presenza VALUES (TO_TIMESTAMP('2022-06-27 10:00:00', 'YYYY-MM-DD HH24:MI:SS'), TO_TIMESTAMP('2022-06-27 19:00:00', 'YYYY-MM-DD HH24:MI:SS'), 'YFBLRF48O55Z048M');
INSERT INTO Presenza VALUES (TO_TIMESTAMP('2022-07-04 10:00:00', 'YYYY-MM-DD HH24:MI:SS'), TO_TIMESTAMP('2022-07-04 19:00:00', 'YYYY-MM-DD HH24:MI:SS'), 'YFBLRF48O55Z048M');
INSERT INTO Presenza VALUES (TO_TIMESTAMP('2022-08-05 10:00:00', 'YYYY-MM-DD HH24:MI:SS'), TO_TIMESTAMP('2022-08-05 19:00:00', 'YYYY-MM-DD HH24:MI:SS'), 'UWWKVF45W14S828U');
INSERT INTO Presenza VALUES (TO_TIMESTAMP('2022-08-15 10:00:00', 'YYYY-MM-DD HH24:MI:SS'), TO_TIMESTAMP('2022-08-15 19:00:00', 'YYYY-MM-DD HH24:MI:SS'), 'UWWKVF45W14S828U');
INSERT INTO Presenza VALUES (TO_TIMESTAMP('2022-10-13 10:00:00', 'YYYY-MM-DD HH24:MI:SS'), TO_TIMESTAMP('2022-10-13 19:00:00', 'YYYY-MM-DD HH24:MI:SS'), 'UWWKVF45W14S828U');
INSERT INTO Presenza VALUES (TO_TIMESTAMP('2022-12-02 10:00:00', 'YYYY-MM-DD HH24:MI:SS'), TO_TIMESTAMP('2022-12-02 19:00:00', 'YYYY-MM-DD HH24:MI:SS'), 'HCOWJZ02T47V573F');
INSERT INTO Presenza VALUES (TO_TIMESTAMP('2021-07-23 10:00:00', 'YYYY-MM-DD HH24:MI:SS'), TO_TIMESTAMP('2021-07-23 19:00:00', 'YYYY-MM-DD HH24:MI:SS'), 'HCOWJZ02T47V573F');
INSERT INTO Presenza VALUES (TO_TIMESTAMP('2021-07-30 10:00:00', 'YYYY-MM-DD HH24:MI:SS'), TO_TIMESTAMP('2021-07-30 19:00:00', 'YYYY-MM-DD HH24:MI:SS'), 'HCOWJZ02T47V573F');
INSERT INTO Presenza VALUES (TO_TIMESTAMP('2021-10-04 10:00:00', 'YYYY-MM-DD HH24:MI:SS'), TO_TIMESTAMP('2021-10-04 19:00:00', 'YYYY-MM-DD HH24:MI:SS'), 'GZTZTI69R80D542D');
INSERT INTO Presenza VALUES (TO_TIMESTAMP('2021-10-15 10:00:00', 'YYYY-MM-DD HH24:MI:SS'), TO_TIMESTAMP('2021-10-15 19:00:00', 'YYYY-MM-DD HH24:MI:SS'), 'GZTZTI69R80D542D');
INSERT INTO Presenza VALUES (TO_TIMESTAMP('2021-10-22 10:00:00', 'YYYY-MM-DD HH24:MI:SS'), TO_TIMESTAMP('2021-10-22 19:00:00', 'YYYY-MM-DD HH24:MI:SS'), 'GZTZTI69R80D542D');
INSERT INTO Presenza VALUES (TO_TIMESTAMP('2021-11-02 14:00:00', 'YYYY-MM-DD HH24:MI:SS'), TO_TIMESTAMP('2021-11-02 21:00:00', 'YYYY-MM-DD HH24:MI:SS'), 'UXETBB25N85F898Y');
INSERT INTO Presenza VALUES (TO_TIMESTAMP('2021-11-17 14:00:00', 'YYYY-MM-DD HH24:MI:SS'), TO_TIMESTAMP('2021-11-17 21:00:00', 'YYYY-MM-DD HH24:MI:SS'), 'UXETBB25N85F898Y');
INSERT INTO Presenza VALUES (TO_TIMESTAMP('2022-01-04 14:00:00', 'YYYY-MM-DD HH24:MI:SS'), TO_TIMESTAMP('2022-01-04 21:00:00', 'YYYY-MM-DD HH24:MI:SS'), 'UXETBB25N85F898Y');
INSERT INTO Presenza VALUES (TO_TIMESTAMP('2022-01-12 14:00:00', 'YYYY-MM-DD HH24:MI:SS'), TO_TIMESTAMP('2022-01-12 21:00:00', 'YYYY-MM-DD HH24:MI:SS'), 'SCLOHS15F88Z768W');
INSERT INTO Presenza VALUES (TO_TIMESTAMP('2022-02-08 14:00:00', 'YYYY-MM-DD HH24:MI:SS'), TO_TIMESTAMP('2022-02-08 21:00:00', 'YYYY-MM-DD HH24:MI:SS'), 'SCLOHS15F88Z768W');
INSERT INTO Presenza VALUES (TO_TIMESTAMP('2022-02-14 14:00:00', 'YYYY-MM-DD HH24:MI:SS'), TO_TIMESTAMP('2022-02-14 21:00:00', 'YYYY-MM-DD HH24:MI:SS'), 'SCLOHS15F88Z768W');
INSERT INTO Presenza VALUES (TO_TIMESTAMP('2022-03-14 14:00:00', 'YYYY-MM-DD HH24:MI:SS'), TO_TIMESTAMP('2022-03-14 21:00:00', 'YYYY-MM-DD HH24:MI:SS'), 'ZMHTFC56S72T119B');
INSERT INTO Presenza VALUES (TO_TIMESTAMP('2022-04-12 14:00:00', 'YYYY-MM-DD HH24:MI:SS'), TO_TIMESTAMP('2022-04-12 21:00:00', 'YYYY-MM-DD HH24:MI:SS'), 'ZMHTFC56S72T119B');
INSERT INTO Presenza VALUES (TO_TIMESTAMP('2022-04-19 14:00:00', 'YYYY-MM-DD HH24:MI:SS'), TO_TIMESTAMP('2022-04-19 21:00:00', 'YYYY-MM-DD HH24:MI:SS'), 'ZMHTFC56S72T119B');
INSERT INTO Presenza VALUES (TO_TIMESTAMP('2022-06-07 14:00:00', 'YYYY-MM-DD HH24:MI:SS'), TO_TIMESTAMP('2022-06-07 21:00:00', 'YYYY-MM-DD HH24:MI:SS'), 'PKVEXQ30A01Z162C');
INSERT INTO Presenza VALUES (TO_TIMESTAMP('2022-06-23 14:00:00', 'YYYY-MM-DD HH24:MI:SS'), TO_TIMESTAMP('2022-06-23 21:00:00', 'YYYY-MM-DD HH24:MI:SS'), 'PKVEXQ30A01Z162C');
INSERT INTO Presenza VALUES (TO_TIMESTAMP('2022-07-11 14:00:00', 'YYYY-MM-DD HH24:MI:SS'), TO_TIMESTAMP('2022-07-11 21:00:00', 'YYYY-MM-DD HH24:MI:SS'), 'PKVEXQ30A01Z162C');
INSERT INTO Presenza VALUES (TO_TIMESTAMP('2022-07-19 14:00:00', 'YYYY-MM-DD HH24:MI:SS'), TO_TIMESTAMP('2022-07-19 21:00:00', 'YYYY-MM-DD HH24:MI:SS'), 'DPZOCJ48G58T201C');
INSERT INTO Presenza VALUES (TO_TIMESTAMP('2022-09-21 14:00:00', 'YYYY-MM-DD HH24:MI:SS'), TO_TIMESTAMP('2022-09-21 21:00:00', 'YYYY-MM-DD HH24:MI:SS'), 'DPZOCJ48G58T201C');
INSERT INTO Presenza VALUES (TO_TIMESTAMP('2022-10-17 14:00:00', 'YYYY-MM-DD HH24:MI:SS'), TO_TIMESTAMP('2022-10-17 21:00:00', 'YYYY-MM-DD HH24:MI:SS'), 'DPZOCJ48G58T201C');
INSERT INTO Presenza VALUES (TO_TIMESTAMP('2022-11-18 14:00:00', 'YYYY-MM-DD HH24:MI:SS'), TO_TIMESTAMP('2022-11-18 21:00:00', 'YYYY-MM-DD HH24:MI:SS'), 'CJCTBV03C75B257C');
INSERT INTO Presenza VALUES (TO_TIMESTAMP('2022-12-19 14:00:00', 'YYYY-MM-DD HH24:MI:SS'), TO_TIMESTAMP('2022-12-19 21:00:00', 'YYYY-MM-DD HH24:MI:SS'), 'CJCTBV03C75B257C');
INSERT INTO Presenza VALUES (TO_TIMESTAMP('2022-10-20 14:00:00', 'YYYY-MM-DD HH24:MI:SS'), TO_TIMESTAMP('2022-10-20 21:00:00', 'YYYY-MM-DD HH24:MI:SS'), 'CJCTBV03C75B257C');
INSERT INTO Presenza VALUES (TO_TIMESTAMP('2022-11-10 14:00:00', 'YYYY-MM-DD HH24:MI:SS'), TO_TIMESTAMP('2022-11-10 21:00:00', 'YYYY-MM-DD HH24:MI:SS'), 'RKNIVQ17Q56K462W');
INSERT INTO Presenza VALUES (TO_TIMESTAMP('2022-12-02 14:00:00', 'YYYY-MM-DD HH24:MI:SS'), TO_TIMESTAMP('2022-12-02 21:00:00', 'YYYY-MM-DD HH24:MI:SS'), 'RKNIVQ17Q56K462W');
INSERT INTO Presenza VALUES (TO_TIMESTAMP('2022-10-12 14:00:00', 'YYYY-MM-DD HH24:MI:SS'), TO_TIMESTAMP('2022-10-12 21:00:00', 'YYYY-MM-DD HH24:MI:SS'), 'RKNIVQ17Q56K462W');
INSERT INTO Presenza VALUES (TO_TIMESTAMP('2022-11-13 14:00:00', 'YYYY-MM-DD HH24:MI:SS'), TO_TIMESTAMP('2022-11-13 21:00:00', 'YYYY-MM-DD HH24:MI:SS'), 'JHMDHM13R67X714P');
INSERT INTO Presenza VALUES (TO_TIMESTAMP('2022-12-14 14:00:00', 'YYYY-MM-DD HH24:MI:SS'), TO_TIMESTAMP('2022-12-14 21:00:00', 'YYYY-MM-DD HH24:MI:SS'), 'JHMDHM13R67X714P');
INSERT INTO Presenza VALUES (TO_TIMESTAMP('2022-10-15 14:00:00', 'YYYY-MM-DD HH24:MI:SS'), TO_TIMESTAMP('2022-10-15 21:00:00', 'YYYY-MM-DD HH24:MI:SS'), 'JHMDHM13R67X714P');
INSERT INTO Presenza VALUES (TO_TIMESTAMP('2022-11-16 14:00:00', 'YYYY-MM-DD HH24:MI:SS'), TO_TIMESTAMP('2022-11-16 21:00:00', 'YYYY-MM-DD HH24:MI:SS'), 'DOSLHP83T20C898N');
INSERT INTO Presenza VALUES (TO_TIMESTAMP('2022-12-25 14:00:00', 'YYYY-MM-DD HH24:MI:SS'), TO_TIMESTAMP('2022-12-25 21:00:00', 'YYYY-MM-DD HH24:MI:SS'), 'DOSLHP83T20C898N');
INSERT INTO Presenza VALUES (TO_TIMESTAMP('2022-10-27 14:00:00', 'YYYY-MM-DD HH24:MI:SS'), TO_TIMESTAMP('2022-10-27 21:00:00', 'YYYY-MM-DD HH24:MI:SS'), 'DOSLHP83T20C898N');



INSERT INTO Stipendio VALUES (1500.50, 200.00, DATE '2022-01-10', 'DUESAF55F52N289W');
INSERT INTO Stipendio VALUES (1500.50, 200.00, DATE '2022-02-10', 'DUESAF55F52N289W');
INSERT INTO Stipendio VALUES (1500.50, 200.00, DATE '2022-03-10', 'DUESAF55F52N289W');
INSERT INTO Stipendio VALUES (1400.20, 100.25, DATE '2022-01-10', 'KZLGDK32P62O335T');
INSERT INTO Stipendio VALUES (1400.20, 100.25, DATE '2022-02-10', 'KZLGDK32P62O335T');
INSERT INTO Stipendio VALUES (1400.20, 100.25, DATE '2022-03-10', 'KZLGDK32P62O335T');
INSERT INTO Stipendio VALUES (2550.55, 150.20, DATE '2022-01-10', 'KQWMYW14M46T912E');
INSERT INTO Stipendio VALUES (2550.55, 150.20, DATE '2022-02-10', 'KQWMYW14M46T912E');
INSERT INTO Stipendio VALUES (2550.55, 150.20, DATE '2022-03-10', 'KQWMYW14M46T912E');
INSERT INTO Stipendio VALUES (2000.10, 125.35, DATE '2022-01-10', 'TYITHI81H72P241J');
INSERT INTO Stipendio VALUES (2000.10, 125.35, DATE '2022-02-10', 'TYITHI81H72P241J');
INSERT INTO Stipendio VALUES (2000.10, 125.35, DATE '2022-03-10', 'TYITHI81H72P241J');
INSERT INTO Stipendio VALUES (1865.75, 200.00, DATE '2022-01-10', 'JQYGGW73B53M696N');
INSERT INTO Stipendio VALUES (1865.75, 200.00, DATE '2022-02-10', 'JQYGGW73B53M696N');
INSERT INTO Stipendio VALUES (1865.75, 200.00, DATE '2022-03-10', 'JQYGGW73B53M696N');
INSERT INTO Stipendio VALUES (1650.10, 250.30, DATE '2022-01-10', 'PUVLVZ97F09R237B');
INSERT INTO Stipendio VALUES (1650.10, 250.30, DATE '2022-02-10', 'PUVLVZ97F09R237B');
INSERT INTO Stipendio VALUES (1650.10, 250.30, DATE '2022-03-10', 'PUVLVZ97F09R237B');
INSERT INTO Stipendio VALUES (1800.80, 125.35, DATE '2022-01-10', 'YFBLRF48O55Z048M');
INSERT INTO Stipendio VALUES (1800.80, 125.35, DATE '2022-02-10', 'YFBLRF48O55Z048M');
INSERT INTO Stipendio VALUES (1800.80, 125.35, DATE '2022-03-10', 'YFBLRF48O55Z048M');
INSERT INTO Stipendio VALUES (2200.50, 100.25, DATE '2022-01-10', 'UWWKVF45W14S828U');
INSERT INTO Stipendio VALUES (2200.50, 100.25, DATE '2022-02-10', 'UWWKVF45W14S828U');
INSERT INTO Stipendio VALUES (2200.50, 100.25, DATE '2022-03-10', 'UWWKVF45W14S828U');
INSERT INTO Stipendio VALUES (1400.20, 150.20, DATE '2022-01-10', 'HCOWJZ02T47V573F');
INSERT INTO Stipendio VALUES (1400.20, 150.20, DATE '2022-02-10', 'HCOWJZ02T47V573F');
INSERT INTO Stipendio VALUES (1400.20, 150.20, DATE '2022-03-10', 'HCOWJZ02T47V573F');
INSERT INTO Stipendio VALUES (1865.75, 280.55, DATE '2022-01-10', 'GZTZTI69R80D542D');
INSERT INTO Stipendio VALUES (1865.75, 280.55, DATE '2022-02-10', 'GZTZTI69R80D542D');
INSERT INTO Stipendio VALUES (1865.75, 280.55, DATE '2022-03-10', 'GZTZTI69R80D542D');
INSERT INTO Stipendio VALUES (3000.45, 100.25, DATE '2022-01-10', 'UXETBB25N85F898Y');
INSERT INTO Stipendio VALUES (3000.45, 100.25, DATE '2022-02-10', 'UXETBB25N85F898Y');
INSERT INTO Stipendio VALUES (3000.45, 100.25, DATE '2022-03-10', 'UXETBB25N85F898Y');
INSERT INTO Stipendio VALUES (1550.10, 125.35, DATE '2022-01-10', 'SCLOHS15F88Z768W');
INSERT INTO Stipendio VALUES (1550.10, 125.35, DATE '2022-02-10', 'SCLOHS15F88Z768W');
INSERT INTO Stipendio VALUES (1550.10, 125.35, DATE '2022-03-10', 'SCLOHS15F88Z768W');
INSERT INTO Stipendio VALUES (1650.10, 200.00, DATE '2022-01-10', 'ZMHTFC56S72T119B');
INSERT INTO Stipendio VALUES (1650.10, 200.00, DATE '2022-02-10', 'ZMHTFC56S72T119B');
INSERT INTO Stipendio VALUES (1650.10, 200.00, DATE '2022-03-10', 'ZMHTFC56S72T119B');
INSERT INTO Stipendio VALUES (1500.50, 225.35, DATE '2022-01-10', 'PKVEXQ30A01Z162C');
INSERT INTO Stipendio VALUES (1500.50, 225.35, DATE '2022-02-10', 'PKVEXQ30A01Z162C');
INSERT INTO Stipendio VALUES (1500.50, 225.35, DATE '2022-03-10', 'PKVEXQ30A01Z162C');
INSERT INTO Stipendio VALUES (2200.50, 300.45, DATE '2022-01-10', 'DPZOCJ48G58T201C');
INSERT INTO Stipendio VALUES (2200.50, 300.45, DATE '2022-02-10', 'DPZOCJ48G58T201C');
INSERT INTO Stipendio VALUES (2200.50, 300.45, DATE '2022-03-10', 'DPZOCJ48G58T201C');
INSERT INTO Stipendio VALUES (1600.50, 100.45, DATE '2022-01-10', 'CJCTBV03C75B257C');
INSERT INTO Stipendio VALUES (1600.50, 100.45, DATE '2022-02-10', 'CJCTBV03C75B257C');
INSERT INTO Stipendio VALUES (1600.50, 100.45, DATE '2022-03-10', 'CJCTBV03C75B257C');
INSERT INTO Stipendio VALUES (2200.50, 200.45, DATE '2022-01-10', 'RKNIVQ17Q56K462W');
INSERT INTO Stipendio VALUES (2200.50, 200.45, DATE '2022-02-10', 'RKNIVQ17Q56K462W');
INSERT INTO Stipendio VALUES (2200.50, 200.45, DATE '2022-03-10', 'RKNIVQ17Q56K462W');
INSERT INTO Stipendio VALUES (2500.50, 300.45, DATE '2022-01-10', 'JHMDHM13R67X714P');
INSERT INTO Stipendio VALUES (2500.50, 300.45, DATE '2022-02-10', 'JHMDHM13R67X714P');
INSERT INTO Stipendio VALUES (2500.50, 300.45, DATE '2022-03-10', 'JHMDHM13R67X714P');
INSERT INTO Stipendio VALUES (2800.50, 400.45, DATE '2022-01-10', 'DOSLHP83T20C898N');
INSERT INTO Stipendio VALUES (2800.50, 400.45, DATE '2022-02-10', 'DOSLHP83T20C898N');
INSERT INTO Stipendio VALUES (2800.50, 400.45, DATE '2022-03-10', 'DOSLHP83T20C898N');



INSERT INTO Ferie VALUES (DATE '2020-03-22', DATE '2020-03-31', 'DUESAF55F52N289W', , '');
INSERT INTO Ferie VALUES (DATE '2021-08-26', DATE '2021-09-10', 'DUESAF55F52N289W', , '');
INSERT INTO Ferie VALUES (DATE '2019-12-03', DATE '2019-12-10', 'DUESAF55F52N289W', , '');
INSERT INTO Ferie VALUES (DATE '2020-04-01', DATE '2020-04-16', 'KZLGDK32P62O335T', , '');
INSERT INTO Ferie VALUES (DATE '2022-02-03', DATE '2022-02-08', 'KZLGDK32P62O335T', , '');
INSERT INTO Ferie VALUES (DATE '2019-12-11', DATE '2019-12-24', 'KZLGDK32P62O335T', , '');
INSERT INTO Ferie VALUES (DATE '2020-04-23', DATE '2020-04-29', 'KQWMYW14M46T912E', , '');
INSERT INTO Ferie VALUES (DATE '2022-04-19', DATE '2022-05-09', 'KQWMYW14M46T912E', , '');
INSERT INTO Ferie VALUES (DATE '2020-05-07', DATE '2020-06-21', 'KQWMYW14M46T912E', , '');
INSERT INTO Ferie VALUES (DATE '2020-06-26', DATE '2020-07-14', 'TYITHI81H72P241J', , '');
INSERT INTO Ferie VALUES (DATE '2022-06-17', DATE '2022-07-06', 'TYITHI81H72P241J', , '');
INSERT INTO Ferie VALUES (DATE '2020-07-22', DATE '2020-08-22', 'TYITHI81H72P241J', , '');
INSERT INTO Ferie VALUES (DATE '2020-11-10', DATE '2020-11-20', 'JQYGGW73B53M696N', , '');
INSERT INTO Ferie VALUES (DATE '2022-09-16', DATE '2022-09-27', 'JQYGGW73B53M696N', , '');
INSERT INTO Ferie VALUES (DATE '2020-09-24', DATE '2020-09-29', 'JQYGGW73B53M696N', , '');
INSERT INTO Ferie VALUES (DATE '2020-12-04', DATE '2020-12-18', 'PUVLVZ97F09R237B', , '');
INSERT INTO Ferie VALUES (DATE '2022-10-05', DATE '2022-10-15', 'PUVLVZ97F09R237B', , '');
INSERT INTO Ferie VALUES (DATE '2021-01-06', DATE '2021-02-03', 'PUVLVZ97F09R237B', , '');
INSERT INTO Ferie VALUES (DATE '2021-02-16', DATE '2021-03-13', 'YFBLRF48O55Z048M', , '');
INSERT INTO Ferie VALUES (DATE '2019-10-01', DATE '2019-10-14', 'YFBLRF48O55Z048M', , '');
INSERT INTO Ferie VALUES (DATE '2021-06-02', DATE '2021-06-13', 'YFBLRF48O55Z048M', , '');
INSERT INTO Ferie VALUES (DATE '2021-04-14', DATE '2021-05-07', 'UWWKVF45W14S828U', , '');
INSERT INTO Ferie VALUES (DATE '2020-02-06', DATE '2020-03-19', 'UWWKVF45W14S828U', , '');
INSERT INTO Ferie VALUES (DATE '2021-12-15', DATE '2021-12-25', 'UWWKVF45W14S828U', , '');
INSERT INTO Ferie VALUES (DATE '2021-08-12', DATE '2021-08-26', 'HCOWJZ02T47V573F', , '');
INSERT INTO Ferie VALUES (DATE '2020-06-04', DATE '2020-06-24', 'HCOWJZ02T47V573F', , '');
INSERT INTO Ferie VALUES (DATE '2022-01-31', DATE '2022-02-10', 'HCOWJZ02T47V573F', , '');
INSERT INTO Ferie VALUES (DATE '2022-06-13', DATE '2022-06-30', 'GZTZTI69R80D542D', , '');
INSERT INTO Ferie VALUES (DATE '2020-10-06', DATE '2020-10-13', 'GZTZTI69R80D542D', , '');
INSERT INTO Ferie VALUES (DATE '2022-08-16', DATE '2022-08-24', 'GZTZTI69R80D542D', , '');
INSERT INTO Ferie VALUES (DATE '2022-07-04', DATE '2022-07-11', 'UXETBB25N85F898Y', , '');
INSERT INTO Ferie VALUES (DATE '2021-01-11', DATE '2021-02-02', 'UXETBB25N85F898Y', , '');
INSERT INTO Ferie VALUES (DATE '2022-10-10', DATE '2022-10-20', 'UXETBB25N85F898Y', , '');
INSERT INTO Ferie VALUES (DATE '2022-10-23', DATE '2022-11-10', 'SCLOHS15F88Z768W', , '');
INSERT INTO Ferie VALUES (DATE '2021-04-01', DATE '2021-04-30', 'SCLOHS15F88Z768W', , '');
INSERT INTO Ferie VALUES (DATE '2022-10-14', DATE '2022-10-24', 'SCLOHS15F88Z768W', , '');
INSERT INTO Ferie VALUES (DATE '2019-10-10', DATE '2019-10-23', 'ZMHTFC56S72T119B', , '');
INSERT INTO Ferie VALUES (DATE '2021-07-20', DATE '2021-07-26', 'ZMHTFC56S72T119B', , '');
INSERT INTO Ferie VALUES (DATE '2020-12-07', DATE '2020-12-17', 'ZMHTFC56S72T119B', , '');
INSERT INTO Ferie VALUES (DATE '2020-03-16', DATE '2020-03-27', 'PKVEXQ30A01Z162C', , '');
INSERT INTO Ferie VALUES (DATE '2021-08-30', DATE '2021-09-05', 'PKVEXQ30A01Z162C', , '');
INSERT INTO Ferie VALUES (DATE '2021-04-09', DATE '2021-04-19', 'PKVEXQ30A01Z162C', , '');
INSERT INTO Ferie VALUES (DATE '2020-03-31', DATE '2020-04-14', 'DPZOCJ48G58T201C', , '');
INSERT INTO Ferie VALUES (DATE '2022-11-19', DATE '2022-12-02', 'DPZOCJ48G58T201C', , '');
INSERT INTO Ferie VALUES (DATE '2021-05-31', DATE '2021-06-02', 'DPZOCJ48G58T201C', , '');
INSERT INTO Ferie VALUES (DATE '2020-09-02', DATE '2020-09-15', 'CJCTBV03C75B257C', , '');
INSERT INTO Ferie VALUES (DATE '2022-02-07', DATE '2022-02-04', 'CJCTBV03C75B257C', , '');
INSERT INTO Ferie VALUES (DATE '2021-08-10', DATE '2021-08-20', 'CJCTBV03C75B257C', , '');
INSERT INTO Ferie VALUES (DATE '2021-01-12', DATE '2021-02-04', 'RKNIVQ17Q56K462W', , '');
INSERT INTO Ferie VALUES (DATE '2022-05-17', DATE '2022-05-24', 'RKNIVQ17Q56K462W', , '');
INSERT INTO Ferie VALUES (DATE '2021-10-19', DATE '2021-10-29', 'RKNIVQ17Q56K462W', , '');
INSERT INTO Ferie VALUES (DATE '2021-05-12', DATE '2021-06-08', 'JHMDHM13R67X714P', , '');
INSERT INTO Ferie VALUES (DATE '2019-09-16', DATE '2019-09-20', 'JHMDHM13R67X714P', , '');
INSERT INTO Ferie VALUES (DATE '2021-11-10', DATE '2021-11-23', 'JHMDHM13R67X714P', , '');
INSERT INTO Ferie VALUES (DATE '2021-07-27', DATE '2021-08-02', 'DOSLHP83T20C898N', , '');
INSERT INTO Ferie VALUES (DATE '2019-11-05', DATE '2019-11-12', 'DOSLHP83T20C898N', , '');
INSERT INTO Ferie VALUES (DATE '2022-04-04', DATE '2022-04-19', 'DOSLHP83T20C898N', , '');



INSERT INTO Cassa VALUES ('01', 'SCLOHS15F88Z768W');
INSERT INTO Cassa VALUES ('02', 'KZLGDK32P62O335T');
INSERT INTO Cassa VALUES ('03', 'DUESAF55F52N289W');
INSERT INTO Cassa VALUES ('04', 'HCOWJZ02T47V573F');
INSERT INTO Cassa VALUES ('05', 'ZMHTFC56S72T119B');
INSERT INTO Cassa VALUES ('06', 'PKVEXQ30A01Z162C');
INSERT INTO Cassa VALUES ('07', 'DPZOCJ48G58T201C');
INSERT INTO Cassa VALUES ('08', 'GZTZTI69R80D542D');
INSERT INTO Cassa VALUES ('09', 'UWWKVF45W14S828U');
INSERT INTO Cassa VALUES ('10', 'YFBLRF48O55Z048M');
INSERT INTO Cassa VALUES ('11', 'CJCTBV03C75B257C');
INSERT INTO Cassa VALUES ('12', 'RKNIVQ17Q56K462W');
INSERT INTO Cassa VALUES ('13', 'JHMDHM13R67X714P');
INSERT INTO Cassa VALUES ('14', 'DOSLHP83T20C898N');
INSERT INTO Cassa VALUES ('15', 'PUVLVZ97F09R237B');



INSERT INTO Scontrino VALUES ('015', DATE '2020-04-17', '05');
INSERT INTO Scontrino VALUES ('145', DATE '2020-06-02', '04');
INSERT INTO Scontrino VALUES ('425', DATE '2020-06-24', '02');
INSERT INTO Scontrino VALUES ('100', DATE '2021-02-17', '06');
INSERT INTO Scontrino VALUES ('001', DATE '2021-04-12', '02');
INSERT INTO Scontrino VALUES ('102', DATE '2021-10-04', '09');
INSERT INTO Scontrino VALUES ('253', DATE '2021-12-24', '06');
INSERT INTO Scontrino VALUES ('197', DATE '2022-02-09', '13');
INSERT INTO Scontrino VALUES ('173', DATE '2022-04-08', '11');
INSERT INTO Scontrino VALUES ('142', DATE '2022-05-12', '05');
INSERT INTO Scontrino VALUES ('075', DATE '2022-06-03', '07');
INSERT INTO Scontrino VALUES ('275', DATE '2022-07-06', '08');
INSERT INTO Scontrino VALUES ('175', DATE '2022-08-17', '13');
INSERT INTO Scontrino VALUES ('045', DATE '2022-09-14', '09');
INSERT INTO Scontrino VALUES ('111', DATE '2022-10-10', '10');



INSERT INTO Brand VALUES ('Blizzard', '+4915227656077', 'blizzard@gmail.com');
INSERT INTO Brand VALUES ('CCP Games', '+48722717429', 'ccp.games@outlook.com');
INSERT INTO Brand VALUES ('Warner Bros.', '+66832692485', 'warner.bros@live.com');
INSERT INTO Brand VALUES ('Square Enix', '+17084140252', 'square.enix@gmail.com');
INSERT INTO Brand VALUES ('Flaregames', '+420721482480', 'flaregames@yahoo.com');
INSERT INTO Brand VALUES ('SEGA', '+8617107706062', 'sega@outlook.com');
INSERT INTO Brand VALUES ('Bandai Namco', '+972552603210', 'bandai.namco@gmail.com');
INSERT INTO Brand VALUES ('Nintendo', '+37124987607', 'nintendo@outlook.com');
INSERT INTO Brand VALUES ('Rockstar Games', '+972552603212', 'rockstar.games@live.com');
INSERT INTO Brand VALUES ('Ubisoft', '+32460244124', 'ubisoft@gmail.com');
INSERT INTO Brand VALUES ('Sony', '+380934611643', 'sony@outlook.com');
INSERT INTO Brand VALUES ('Microsoft', '+917428723247', 'microsoft@outlook.com');
INSERT INTO Brand VALUES ('Konami', '+559551583801', 'konami@live.com');
INSERT INTO Brand VALUES ('Electronic Arts', '+642040161449', 'electronic.arts@yahoo.com');
INSERT INTO Brand VALUES ('Turtle Beach', '+322040121459', 'turtle.beach@yahoo.com');



-- VIDEOGIOCHI
INSERT INTO Prodotto VALUES ('3877265963667', 60, 'Leggende Pokémon: Arceus', 'Nintendo');
INSERT INTO Prodotto VALUES ('5261672851322', 80, 'Fifa 22', 'Electronic Arts');
INSERT INTO Prodotto VALUES ('8689163198377', 80, 'Fifa 22', 'Electronic Arts');
INSERT INTO Prodotto VALUES ('7569965644637', 70, 'Fifa 22', 'Electronic Arts');
INSERT INTO Prodotto VALUES ('6636925343633', 70, 'Fifa 22', 'Electronic Arts');
INSERT INTO Prodotto VALUES ('8893282530072', 9.90, 'Gunjack', 'CCP Games');
INSERT INTO Prodotto VALUES ('6331848499061', 59.90, 'The Legend of Zelda: Breath of the Wild', 'Nintendo');
INSERT INTO Prodotto VALUES ('4279661395593', 85.90, 'Assassin Creed: Valhalla', 'Ubisoft');
INSERT INTO Prodotto VALUES ('7759311300786', 59.90, 'LEGO Star Wars: La Saga degli Skywalker', 'Warner Bros.');
INSERT INTO Prodotto VALUES ('3845831951579', 45.50, 'PES 2022', 'Konami');
INSERT INTO Prodotto VALUES ('1763091652981', 25, 'PES 2021', 'Konami');
INSERT INTO Prodotto VALUES ('5849904171315', 49.90, 'Dragon Ball FighterZ', 'Bandai Namco');
INSERT INTO Prodotto VALUES ('1802326769756', 15.90, 'Royal Revolt 2', 'Flaregames');
INSERT INTO Prodotto VALUES ('2227993193892', 40, 'Sonic Origins', 'SEGA');
INSERT INTO Prodotto VALUES ('7656086480717', 40, 'Sonic Origins', 'SEGA');
INSERT INTO Prodotto VALUES ('8959744137355', 59.90, 'Spider-Man: Miles Morales', 'Sony');
INSERT INTO Prodotto VALUES ('3905983422992', 15.45, 'Uncharted 3', 'Sony');
INSERT INTO Prodotto VALUES ('4005752908654', 50.80, 'Halo Infinite', 'Microsoft');
INSERT INTO Prodotto VALUES ('2574368316778', 14.90, 'PES 2020', 'Konami');
INSERT INTO Prodotto VALUES ('5874215310098', 60.70, 'Forza Horizon 4', 'Microsoft');
INSERT INTO Prodotto VALUES ('8442548626056', 59.90, 'Kingdom Hearts III', 'Square Enix');
INSERT INTO Prodotto VALUES ('7246393676323', 69.90, 'Red Dead Redemption II', 'Rockstar Games');
-- CONSOLE
INSERT INTO Prodotto VALUES ('7551569504789', 499.70, 'PlayStation 5', 'Sony');
INSERT INTO Prodotto VALUES ('8328677709326', 399.50, 'PlayStation 5 Digital Edition', 'Sony');
INSERT INTO Prodotto VALUES ('8020873584468', 299.80, 'Nintendo Switch', 'Nintendo');
INSERT INTO Prodotto VALUES ('5902515361535', 369.30, 'Nintendo Switch OLED', 'Nintendo');
INSERT INTO Prodotto VALUES ('3383053992374', 499.50, 'XBox Series X', 'Microsoft');
INSERT INTO Prodotto VALUES ('2745997206278', 299.90, 'XBox Series S', 'Microsoft');
INSERT INTO Prodotto VALUES ('4967864464771', 249.50, 'PlayStation 4 Pro', 'Sony');
INSERT INTO Prodotto VALUES ('5546466222023', 199.50, 'PlayStation 4', 'Sony'); --500GB
INSERT INTO Prodotto VALUES ('4695129417494', 249.90, 'PlayStation 4', 'Sony'); --1TB
INSERT INTO Prodotto VALUES ('3963478393918', 149.60, 'New Nintendo 3DS XL', 'Nintendo');
INSERT INTO Prodotto VALUES ('1919615523081', 109.70, 'New Nintendo 2DS XL', 'Nintendo');
INSERT INTO Prodotto VALUES ('5117654552206', 89.90, 'XBox One', 'Microsoft'); --500GB    C'È UN ERRORE
INSERT INTO Prodotto VALUES ('5946997088647', 99.90, 'XBox One', 'Microsoft'); --1TB
INSERT INTO Prodotto VALUES ('7572733277975', 190.90, 'XBox One X', 'Microsoft');  -- C'È UN ERRORE
INSERT INTO Prodotto VALUES ('4181906887663', 99.90, 'Wii U', 'Nintendo');
-- ACCESSORI
INSERT INTO Prodotto VALUES ('3286046443005', 59.90, 'DualSense', 'Sony');
INSERT INTO Prodotto VALUES ('2436541758173', 39.90, 'Base di ricarica per PS5', 'Sony');
INSERT INTO Prodotto VALUES ('4697876716421', 69.90, 'Pulse 3D', 'Sony');
INSERT INTO Prodotto VALUES ('7998211279748', 45.80, 'Set da due Joycon', 'Nintendo');
INSERT INTO Prodotto VALUES ('4818043864696', 25, 'Joycon sinistro', 'Nintendo');
INSERT INTO Prodotto VALUES ('5946084403818', 25, 'Joycon destro', 'Nintendo');
INSERT INTO Prodotto VALUES ('8433307812551', 137.90, 'Turtle Beach Stealth 700 Gen 2', 'Turtle Beach');
INSERT INTO Prodotto VALUES ('3931877761221', 159.90, 'Turtle Beach Stealth 700 Gen 2 MAX', 'Turtle Beach');
INSERT INTO Prodotto VALUES ('3726977003226', 159.90, 'XBox Wireless Controller Elite Series 2', 'Microsoft');
INSERT INTO Prodotto VALUES ('7665257537924', 69.90, 'XBox Wireless Controller', 'Microsoft');
INSERT INTO Prodotto VALUES ('4914406507066', 89.90, 'XBox Adaptive Controller', 'Microsoft');
INSERT INTO Prodotto VALUES ('7653894118883', 19.90, 'Batteria ricaricabile per XBox', 'Microsoft');
INSERT INTO Prodotto VALUES ('7920684151328', 99.90, 'Cuffie Wireless per Xbox', 'Microsoft');
INSERT INTO Prodotto VALUES ('9527052293741', 59.90, 'Nintendo Switch Pro Controller', 'Nintendo');
INSERT INTO Prodotto VALUES ('8277809882409', 9.90, 'Laccetto per Joy-Con', 'Nintendo');



INSERT INTO Offerta VALUES ('731', DATE '2019-09-03', DATE '2019-10-04');
INSERT INTO Offerta VALUES ('410', DATE '2019-12-13', DATE '2019-12-27');
INSERT INTO Offerta VALUES ('368', DATE '2020-02-17', DATE '2020-04-30');
INSERT INTO Offerta VALUES ('316', DATE '2020-06-04', DATE '2020-06-30');
INSERT INTO Offerta VALUES ('641', DATE '2020-07-20', DATE '2020-09-17');
INSERT INTO Offerta VALUES ('463', DATE '2020-11-13', DATE '2020-12-03');
INSERT INTO Offerta VALUES ('907', DATE '2021-05-11', DATE '2021-06-04');
INSERT INTO Offerta VALUES ('181', DATE '2021-10-01', DATE '2022-01-11');
INSERT INTO Offerta VALUES ('174', DATE '2022-01-25', DATE '2022-03-30');
INSERT INTO Offerta VALUES ('399', DATE '2022-06-16', DATE '2022-07-15');
INSERT INTO Offerta VALUES ('737', DATE '2022-08-03', DATE '2022-09-16');
INSERT INTO Offerta VALUES ('400', DATE '2022-10-21', DATE '2022-11-18');
INSERT INTO Offerta VALUES ('844', DATE '2022-02-25', DATE '2022-05-03');
INSERT INTO Offerta VALUES ('539', DATE '2022-06-30', DATE '2022-08-15');
INSERT INTO Offerta VALUES ('866', DATE '2022-09-13', DATE '2022-10-14');



-- OFFERTE PER VIDEOGIOCHI
INSERT INTO Offerta_Prodotto VALUES ('3877265963667', '731', );
INSERT INTO Offerta_Prodotto VALUES ('5261672851322', '410', );
INSERT INTO Offerta_Prodotto VALUES ('8689163198377', '368', );
INSERT INTO Offerta_Prodotto VALUES ('7569965644637', '316', );
INSERT INTO Offerta_Prodotto VALUES ('6636925343633', '641', );
INSERT INTO Offerta_Prodotto VALUES ('8893282530072', '463', );
INSERT INTO Offerta_Prodotto VALUES ('6331848499061', '907', );
INSERT INTO Offerta_Prodotto VALUES ('4279661395593', '181', );
INSERT INTO Offerta_Prodotto VALUES ('7759311300786', '174', );
INSERT INTO Offerta_Prodotto VALUES ('3845831951579', '399', );
INSERT INTO Offerta_Prodotto VALUES ('1763091652981', '737', );
INSERT INTO Offerta_Prodotto VALUES ('5849904171315', '400', );
INSERT INTO Offerta_Prodotto VALUES ('1802326769756', '844', );
INSERT INTO Offerta_Prodotto VALUES ('2227993193892', '539', );
INSERT INTO Offerta_Prodotto VALUES ('7656086480717', '866', );
INSERT INTO Offerta_Prodotto VALUES ('8959744137355', '174', );
INSERT INTO Offerta_Prodotto VALUES ('3905983422992', '399', );
INSERT INTO Offerta_Prodotto VALUES ('4005752908654', '737', );
INSERT INTO Offerta_Prodotto VALUES ('2574368316778', '400', );
INSERT INTO Offerta_Prodotto VALUES ('5874215310098', '844', );
INSERT INTO Offerta_Prodotto VALUES ('8442548626056', '539', );
INSERT INTO Offerta_Prodotto VALUES ('7246393676323', '866', );
-- OFFERTE PER CONSOLE
INSERT INTO Offerta_Prodotto VALUES ('7551569504789', '181', );
INSERT INTO Offerta_Prodotto VALUES ('8328677709326', '174', );
INSERT INTO Offerta_Prodotto VALUES ('8020873584468', '399', );
INSERT INTO Offerta_Prodotto VALUES ('5902515361535', '737', );
INSERT INTO Offerta_Prodotto VALUES ('3383053992374', '400', );
INSERT INTO Offerta_Prodotto VALUES ('2745997206278', '844', );
INSERT INTO Offerta_Prodotto VALUES ('4967864464771', '539', );
INSERT INTO Offerta_Prodotto VALUES ('5546466222023', '866', );
INSERT INTO Offerta_Prodotto VALUES ('4695129417494', '174', );
INSERT INTO Offerta_Prodotto VALUES ('3963478393918', '399', );
INSERT INTO Offerta_Prodotto VALUES ('1919615523081', '737', );
INSERT INTO Offerta_Prodotto VALUES ('5117654552206', '400', );
INSERT INTO Offerta_Prodotto VALUES ('5946997088647', '844', );
INSERT INTO Offerta_Prodotto VALUES ('7572733277975', '539', );
INSERT INTO Offerta_Prodotto VALUES ('4181906887663', '866', );
-- OFFERTE PER ACCESSORI
INSERT INTO Offerta_Prodotto VALUES ('3286046443005', '181', );
INSERT INTO Offerta_Prodotto VALUES ('2436541758173', '174', );
INSERT INTO Offerta_Prodotto VALUES ('4697876716421', '399', );
INSERT INTO Offerta_Prodotto VALUES ('7998211279748', '737', );
INSERT INTO Offerta_Prodotto VALUES ('4818043864696', '400', );
INSERT INTO Offerta_Prodotto VALUES ('5946084403818', '844', );
INSERT INTO Offerta_Prodotto VALUES ('8433307812551', '539', );
INSERT INTO Offerta_Prodotto VALUES ('3931877761221', '866', );
INSERT INTO Offerta_Prodotto VALUES ('3726977003226', '174', );
INSERT INTO Offerta_Prodotto VALUES ('7665257537924', '399', );
INSERT INTO Offerta_Prodotto VALUES ('4914406507066', '737', );
INSERT INTO Offerta_Prodotto VALUES ('7653894118883', '400', );
INSERT INTO Offerta_Prodotto VALUES ('7920684151328', '844', );
INSERT INTO Offerta_Prodotto VALUES ('9527052293741', '539', );
INSERT INTO Offerta_Prodotto VALUES ('8277809882409', '866', );



-- SCONTRINO PER VIDEOGIOCHI
INSERT INTO Scontrino_Prodotto VALUES ('015', DATE '2020-04-17', '3877265963667', 49);
INSERT INTO Scontrino_Prodotto VALUES ('145', DATE '2020-06-02', '5261672851322', 67);
INSERT INTO Scontrino_Prodotto VALUES ('425', DATE '2020-06-24', '8689163198377', 49);
INSERT INTO Scontrino_Prodotto VALUES ('100', DATE '2021-02-17', '7569965644637', 74);
INSERT INTO Scontrino_Prodotto VALUES ('001', DATE '2021-04-12', '6636925343633', 15);
INSERT INTO Scontrino_Prodotto VALUES ('102', DATE '2021-10-04', '8893282530072', 84);
INSERT INTO Scontrino_Prodotto VALUES ('253', DATE '2021-12-24', '6331848499061', 88);
INSERT INTO Scontrino_Prodotto VALUES ('197', DATE '2022-02-09', '4279661395593', 30);
INSERT INTO Scontrino_Prodotto VALUES ('173', DATE '2022-04-08', '7759311300786', 77);
INSERT INTO Scontrino_Prodotto VALUES ('142', DATE '2022-05-12', '3845831951579', 19);
INSERT INTO Scontrino_Prodotto VALUES ('075', DATE '2022-06-03', '1763091652981', 94);
INSERT INTO Scontrino_Prodotto VALUES ('275', DATE '2022-07-06', '5849904171315', 90);
INSERT INTO Scontrino_Prodotto VALUES ('175', DATE '2022-08-17', '1802326769756', 79);
INSERT INTO Scontrino_Prodotto VALUES ('045', DATE '2022-09-14', '2227993193892', 82);
INSERT INTO Scontrino_Prodotto VALUES ('111', DATE '2022-10-10', '7656086480717', 19);
INSERT INTO Scontrino_Prodotto VALUES ('173', DATE '2022-04-08', '8959744137355', 95);
INSERT INTO Scontrino_Prodotto VALUES ('142', DATE '2022-05-12', '3905983422992', 57);
INSERT INTO Scontrino_Prodotto VALUES ('075', DATE '2022-06-03', '4005752908654', 29);
INSERT INTO Scontrino_Prodotto VALUES ('275', DATE '2022-07-06', '2574368316778', 34);
INSERT INTO Scontrino_Prodotto VALUES ('175', DATE '2022-08-17', '5874215310098', 95);
INSERT INTO Scontrino_Prodotto VALUES ('045', DATE '2022-09-14', '8442548626056', 76);
INSERT INTO Scontrino_Prodotto VALUES ('111', DATE '2022-10-10', '7246393676323', 87);
-- SCONTRINO PER CONSOLE
INSERT INTO Scontrino_Prodotto VALUES ('015', DATE '2020-04-17', '7551569504789', 32);
INSERT INTO Scontrino_Prodotto VALUES ('145', DATE '2020-06-02', '8328677709326', 57);
INSERT INTO Scontrino_Prodotto VALUES ('425', DATE '2020-06-24', '8020873584468', 63);
INSERT INTO Scontrino_Prodotto VALUES ('100', DATE '2021-02-17', '5902515361535', 29);
INSERT INTO Scontrino_Prodotto VALUES ('001', DATE '2021-04-12', '3383053992374', 61);
INSERT INTO Scontrino_Prodotto VALUES ('102', DATE '2021-10-04', '2745997206278', 87);
INSERT INTO Scontrino_Prodotto VALUES ('253', DATE '2021-12-24', '4967864464771', 47);
INSERT INTO Scontrino_Prodotto VALUES ('197', DATE '2022-02-09', '5546466222023', 73);
INSERT INTO Scontrino_Prodotto VALUES ('173', DATE '2022-04-08', '4695129417494', 70);
INSERT INTO Scontrino_Prodotto VALUES ('142', DATE '2022-05-12', '3963478393918', 66);
INSERT INTO Scontrino_Prodotto VALUES ('075', DATE '2022-06-03', '1919615523081', 20);
INSERT INTO Scontrino_Prodotto VALUES ('275', DATE '2022-07-06', '5117654552206', 74);
INSERT INTO Scontrino_Prodotto VALUES ('175', DATE '2022-08-17', '5946997088647', 36);
INSERT INTO Scontrino_Prodotto VALUES ('045', DATE '2022-09-14', '7572733277975', 63);
INSERT INTO Scontrino_Prodotto VALUES ('111', DATE '2022-10-10', '4181906887663', 43);
-- SCONTRINO PER ACCESSORI
INSERT INTO Scontrino_Prodotto VALUES ('015', DATE '2020-04-17', '3286046443005', 27);
INSERT INTO Scontrino_Prodotto VALUES ('145', DATE '2020-06-02', '2436541758173', 94);
INSERT INTO Scontrino_Prodotto VALUES ('425', DATE '2020-06-24', '4697876716421', 32);
INSERT INTO Scontrino_Prodotto VALUES ('100', DATE '2021-02-17', '7998211279748', 32);
INSERT INTO Scontrino_Prodotto VALUES ('001', DATE '2021-04-12', '4818043864696', 68);
INSERT INTO Scontrino_Prodotto VALUES ('102', DATE '2021-10-04', '5946084403818', 50);
INSERT INTO Scontrino_Prodotto VALUES ('253', DATE '2021-12-24', '8433307812551', 41);
INSERT INTO Scontrino_Prodotto VALUES ('197', DATE '2022-02-09', '3931877761221', 85);
INSERT INTO Scontrino_Prodotto VALUES ('173', DATE '2022-04-08', '3726977003226', 19);
INSERT INTO Scontrino_Prodotto VALUES ('142', DATE '2022-05-12', '7665257537924', 58);
INSERT INTO Scontrino_Prodotto VALUES ('075', DATE '2022-06-03', '4914406507066', 30);
INSERT INTO Scontrino_Prodotto VALUES ('275', DATE '2022-07-06', '7653894118883', 46);
INSERT INTO Scontrino_Prodotto VALUES ('175', DATE '2022-08-17', '7920684151328', 80);
INSERT INTO Scontrino_Prodotto VALUES ('045', DATE '2022-09-14', '9527052293741', 90);
INSERT INTO Scontrino_Prodotto VALUES ('111', DATE '2022-10-10', '8277809882409', 40);



INSERT INTO Videogioco VALUES ('', '3877265963667');
INSERT INTO Videogioco VALUES ('', '5261672851322');
INSERT INTO Videogioco VALUES ('', '8689163198377');
INSERT INTO Videogioco VALUES ('', '7569965644637');
INSERT INTO Videogioco VALUES ('', '6636925343633');
INSERT INTO Videogioco VALUES ('', '8893282530072');
INSERT INTO Videogioco VALUES ('', '6331848499061');
INSERT INTO Videogioco VALUES ('', '4279661395593');
INSERT INTO Videogioco VALUES ('', '7759311300786');
INSERT INTO Videogioco VALUES ('', '3845831951579');
INSERT INTO Videogioco VALUES ('', '1763091652981');
INSERT INTO Videogioco VALUES ('', '5849904171315');
INSERT INTO Videogioco VALUES ('', '1802326769756');
INSERT INTO Videogioco VALUES ('', '2227993193892');
INSERT INTO Videogioco VALUES ('', '7656086480717');
INSERT INTO Videogioco VALUES ('', '8959744137355');
INSERT INTO Videogioco VALUES ('', '3905983422992');
INSERT INTO Videogioco VALUES ('', '4005752908654');
INSERT INTO Videogioco VALUES ('', '2574368316778');
INSERT INTO Videogioco VALUES ('', '5874215310098');
INSERT INTO Videogioco VALUES ('', '8442548626056');
INSERT INTO Videogioco VALUES ('', '7246393676323');

INSERT INTO Console VALUES ('', '7551569504789');
INSERT INTO Console VALUES ('', '8328677709326');
INSERT INTO Console VALUES ('', '8020873584468');
INSERT INTO Console VALUES ('', '5902515361535');
INSERT INTO Console VALUES ('', '3383053992374');
INSERT INTO Console VALUES ('', '2745997206278');
INSERT INTO Console VALUES ('', '4967864464771');
INSERT INTO Console VALUES ('', '5546466222023');
INSERT INTO Console VALUES ('', '4695129417494');
INSERT INTO Console VALUES ('', '3963478393918');
INSERT INTO Console VALUES ('', '1919615523081');
INSERT INTO Console VALUES ('', '5117654552206');
INSERT INTO Console VALUES ('', '5946997088647');
INSERT INTO Console VALUES ('', '7572733277975');
INSERT INTO Console VALUES ('', '4181906887663');

INSERT INTO Accessorio VALUES ('', '3286046443005');
INSERT INTO Accessorio VALUES ('', '2436541758173');
INSERT INTO Accessorio VALUES ('', '4697876716421');
INSERT INTO Accessorio VALUES ('', '7998211279748');
INSERT INTO Accessorio VALUES ('', '4818043864696');
INSERT INTO Accessorio VALUES ('', '5946084403818');
INSERT INTO Accessorio VALUES ('', '8433307812551');
INSERT INTO Accessorio VALUES ('', '3931877761221');
INSERT INTO Accessorio VALUES ('', '3726977003226');
INSERT INTO Accessorio VALUES ('', '7665257537924');
INSERT INTO Accessorio VALUES ('', '4914406507066');
INSERT INTO Accessorio VALUES ('', '7653894118883');
INSERT INTO Accessorio VALUES ('', '7920684151328');
INSERT INTO Accessorio VALUES ('', '9527052293741');
INSERT INTO Accessorio VALUES ('', '8277809882409');



INSERT INTO Fornitore VALUES ('90264687962', 'photographoie', 'photographoie@gmail.com', '+353894060424');
INSERT INTO Fornitore VALUES ('38690894449', 'outbreakoiedo', 'outbreakoiedo@outlook.com', '+358414976066');
INSERT INTO Fornitore VALUES ('15004158468', 'airtightssket', 'airtightssket@live.com', '+18253050685');
INSERT INTO Fornitore VALUES ('91289955367', 'weldinggazpac', 'weldinggazpac@yahoo.com', '+77474070236');
INSERT INTO Fornitore VALUES ('17165219947', 'huedockinggum', 'huedockinggum@gmail.com', '+37378225275');
INSERT INTO Fornitore VALUES ('41884114528', 'friseepavilio', 'friseepavilio@outlook.com', '+4759444605');
INSERT INTO Fornitore VALUES ('62015085528', 'proportionyea', 'proportionyea@live.com', '+212652877871');
INSERT INTO Fornitore VALUES ('56441262398', 'homeothermicc', 'homeothermicc@yahoo.com', '+959457796397');
INSERT INTO Fornitore VALUES ('50613744343', 'elevationsuga', 'elevationsuga@gmail.com', '+40734897154');
INSERT INTO Fornitore VALUES ('83692961491', 'improvisation', 'improvisation@gmail.com', '+37068977922');
INSERT INTO Fornitore VALUES ('73442221108', 'foldhardboard', 'foldhardboard@gmail.com', '+601161466122');
INSERT INTO Fornitore VALUES ('96371977022', 'pointillismcu', 'pointillismcu@gmail.com', '+31630183604');
INSERT INTO Fornitore VALUES ('34217892189', 'huecarbohydra', 'huecarbohydra@gmail.com', '+528184713166');
INSERT INTO Fornitore VALUES ('67382948785', 'meltdacquoise', 'meltdacquoise@gmail.com', '+351910602928');
INSERT INTO Fornitore VALUES ('88479777451', 'rarefactionso', 'rarefactionso@gmail.com', '+37126109368');



INSERT INTO Corriere VALUES ('37883995709', 'Poste Italiane');
INSERT INTO Corriere VALUES ('20161060504', 'UPS');
INSERT INTO Corriere VALUES ('89615695713', 'DHL');
INSERT INTO Corriere VALUES ('39727028431', 'SDA');
INSERT INTO Corriere VALUES ('72216746040', 'Bartolini');
INSERT INTO Corriere VALUES ('71082936092', 'GLS');
INSERT INTO Corriere VALUES ('92906577636', 'TNT');
INSERT INTO Corriere VALUES ('90339372094', 'Nexive');
INSERT INTO Corriere VALUES ('11201360185', 'BRT');
INSERT INTO Corriere VALUES ('50910133102', 'FedEx');
INSERT INTO Corriere VALUES ('31334834307', 'UPM');
INSERT INTO Corriere VALUES ('50432359323', 'DST');
INSERT INTO Corriere VALUES ('17334521562', 'TAL');
INSERT INTO Corriere VALUES ('91695775671', 'PNC');
INSERT INTO Corriere VALUES ('32100490558', 'NPM');



INSERT INTO CaricoMerce VALUES ('VuahC', 'Eby7T13OMDYF2AUafp', DATE '2020-09-23', DATE '2020-09-28', '90264687962', '37883995709');
INSERT INTO CaricoMerce VALUES ('q9lnB', '9K0Fqa5jxfSLTcvJh5', DATE '2021-02-17', DATE '2021-02-22', '38690894449', '20161060504');
INSERT INTO CaricoMerce VALUES ('ChV2W', 'O6UyGapV3EKB3qAexq', DATE '2021-02-25', DATE '2021-02-21', '15004158468', '89615695713');
INSERT INTO CaricoMerce VALUES ('ps3bv', 'jJ7RMV2LYbmaq6gF5u', DATE '2021-04-07', DATE '2021-04-12', '91289955367', '39727028431');
INSERT INTO CaricoMerce VALUES ('wRoB5', 'Dlic6NAPLlB00Ts1XD', DATE '2021-10-11', DATE '2021-10-18', '17165219947', '72216746040');
INSERT INTO CaricoMerce VALUES ('SvBhL', 'mBLEFDmW2h91r5QNib', DATE '2021-11-12', DATE '2021-11-17', '41884114528', '71082936092');
INSERT INTO CaricoMerce VALUES ('EAsYE', 'nShLsSH8Oag1fcHxFU', DATE '2021-11-23', DATE '2021-11-29', '62015085528', '92906577636');
INSERT INTO CaricoMerce VALUES ('GrQjf', 'yMrX4Z4hmnLNx0LCyt', DATE '2021-11-30', DATE '2021-12-06', '56441262398', '90339372094');
INSERT INTO CaricoMerce VALUES ('edy2i', 'SYrB33nJYfYogAzNOm', DATE '2022-01-11', DATE '2022-01-18', '50613744343', '11201360185');
INSERT INTO CaricoMerce VALUES ('TFA5G', '51KdAXwaYuimG342Ie', DATE '2022-02-02', DATE '2022-02-09', '83692961491', '50910133102');
INSERT INTO CaricoMerce VALUES ('Fbsck', 'jMo0XigC4QGvapTBIm', DATE '2022-03-04', DATE '2022-03-09', '73442221108', '31334834307');
INSERT INTO CaricoMerce VALUES ('Ef218', 'TutEtSg6JKWM5sLXiF', DATE '2022-03-17', DATE '2022-03-19', '96371977022', '50432359323');
INSERT INTO CaricoMerce VALUES ('0v45N', 'LzWiPZDpYaVt2jwkdA', DATE '2022-04-12', DATE '2022-04-18', '34217892189', '17334521562');
INSERT INTO CaricoMerce VALUES ('LdcL4', '5OIFyEHFoGeSBsV6FQ', DATE '2022-04-14', DATE '2022-04-19', '67382948785', '91695775671');
INSERT INTO CaricoMerce VALUES ('X9YrY', 'meQ8eak059sCsEub1M', DATE '2022-07-25', DATE '2022-07-28', '88479777451', '32100490558');



-- VIDEOGIOCHI
INSERT INTO CaricoMerce_Prodotto VALUES ('VuahC', '3877265963667', , 17);
INSERT INTO CaricoMerce_Prodotto VALUES ('q9lnB', '5261672851322', , 55);
INSERT INTO CaricoMerce_Prodotto VALUES ('ChV2W', '8689163198377', , 65);
INSERT INTO CaricoMerce_Prodotto VALUES ('ps3bv', '7569965644637', , 50);
INSERT INTO CaricoMerce_Prodotto VALUES ('wRoB5', '6636925343633', , 30);
INSERT INTO CaricoMerce_Prodotto VALUES ('SvBhL', '8893282530072', , 15);
INSERT INTO CaricoMerce_Prodotto VALUES ('EAsYE', '6331848499061', , 35);
INSERT INTO CaricoMerce_Prodotto VALUES ('GrQjf', '4279661395593', , 74);
INSERT INTO CaricoMerce_Prodotto VALUES ('edy2i', '7759311300786', , 54);
INSERT INTO CaricoMerce_Prodotto VALUES ('TFA5G', '3845831951579', , 20);
INSERT INTO CaricoMerce_Prodotto VALUES ('Fbsck', '1763091652981', , 31);
INSERT INTO CaricoMerce_Prodotto VALUES ('Ef218', '5849904171315', , 79);
INSERT INTO CaricoMerce_Prodotto VALUES ('0v45N', '1802326769756', , 27);
INSERT INTO CaricoMerce_Prodotto VALUES ('LdcL4', '2227993193892', , 46);
INSERT INTO CaricoMerce_Prodotto VALUES ('X9YrY', '7656086480717', , 36);
INSERT INTO CaricoMerce_Prodotto VALUES ('edy2i', '8959744137355', , 44);
INSERT INTO CaricoMerce_Prodotto VALUES ('TFA5G', '3905983422992', , 89);
INSERT INTO CaricoMerce_Prodotto VALUES ('Fbsck', '4005752908654', , 26);
INSERT INTO CaricoMerce_Prodotto VALUES ('Ef218', '2574368316778', , 17);
INSERT INTO CaricoMerce_Prodotto VALUES ('0v45N', '5874215310098', , 97);
INSERT INTO CaricoMerce_Prodotto VALUES ('LdcL4', '8442548626056', , 59);
INSERT INTO CaricoMerce_Prodotto VALUES ('X9YrY', '7246393676323', , 18);
-- CONSOLE
INSERT INTO CaricoMerce_Prodotto VALUES ('VuahC', '7551569504789', , 85);
INSERT INTO CaricoMerce_Prodotto VALUES ('q9lnB', '8328677709326', , 55);
INSERT INTO CaricoMerce_Prodotto VALUES ('ChV2W', '8020873584468', , 63);
INSERT INTO CaricoMerce_Prodotto VALUES ('ps3bv', '5902515361535', , 71);
INSERT INTO CaricoMerce_Prodotto VALUES ('wRoB5', '3383053992374', , 12);
INSERT INTO CaricoMerce_Prodotto VALUES ('SvBhL', '2745997206278', , 47);
INSERT INTO CaricoMerce_Prodotto VALUES ('EAsYE', '4967864464771', , 90);
INSERT INTO CaricoMerce_Prodotto VALUES ('GrQjf', '5546466222023', , 77);
INSERT INTO CaricoMerce_Prodotto VALUES ('edy2i', '4695129417494', , 57);
INSERT INTO CaricoMerce_Prodotto VALUES ('TFA5G', '3963478393918', , 82);
INSERT INTO CaricoMerce_Prodotto VALUES ('Fbsck', '1919615523081', , 84);
INSERT INTO CaricoMerce_Prodotto VALUES ('Ef218', '5117654552206', , 64);
INSERT INTO CaricoMerce_Prodotto VALUES ('0v45N', '5946997088647', , 98);
INSERT INTO CaricoMerce_Prodotto VALUES ('LdcL4', '7572733277975', , 26);
INSERT INTO CaricoMerce_Prodotto VALUES ('X9YrY', '4181906887663', , 81);
-- ACCESSORI
INSERT INTO CaricoMerce_Prodotto VALUES ('VuahC', '3286046443005', , 22);
INSERT INTO CaricoMerce_Prodotto VALUES ('q9lnB', '2436541758173', , 28);
INSERT INTO CaricoMerce_Prodotto VALUES ('ChV2W', '4697876716421', , 41);
INSERT INTO CaricoMerce_Prodotto VALUES ('ps3bv', '7998211279748', , 75);
INSERT INTO CaricoMerce_Prodotto VALUES ('wRoB5', '4818043864696', , 60);
INSERT INTO CaricoMerce_Prodotto VALUES ('SvBhL', '5946084403818', , 26);
INSERT INTO CaricoMerce_Prodotto VALUES ('EAsYE', '8433307812551', , 57);
INSERT INTO CaricoMerce_Prodotto VALUES ('GrQjf', '3931877761221', , 30);
INSERT INTO CaricoMerce_Prodotto VALUES ('edy2i', '3726977003226', , 96);
INSERT INTO CaricoMerce_Prodotto VALUES ('TFA5G', '7665257537924', , 56);
INSERT INTO CaricoMerce_Prodotto VALUES ('Fbsck', '4914406507066', , 33);
INSERT INTO CaricoMerce_Prodotto VALUES ('Ef218', '7653894118883', , 53);
INSERT INTO CaricoMerce_Prodotto VALUES ('0v45N', '7920684151328', , 48);
INSERT INTO CaricoMerce_Prodotto VALUES ('LdcL4', '9527052293741', , 76);
INSERT INTO CaricoMerce_Prodotto VALUES ('X9YrY', '8277809882409', , 69);